comment,original,translation
clientgui/AccountInfoPage.cpp:329,User information,Teilnehmerinformation
clientgui/AccountInfoPage.cpp:335,"Please enter your account information
(to create an account, visit the project's web site)","Bitte geben Sie Ihre Kontoinformationen ein.
(Bitte besuchen sie die Projektwebseite
um ein Teilnehmerkonto einzurichten.)"
clientgui/AccountInfoPage.cpp:339,"This project is not currently accepting new accounts.
You can attach only if you already have an account.","Dieses Projekt akzeptiert zur Zeit keine neuen Teilnehmerkonten.
Sie können sich nur anmelden, wenn Sie bereits über ein
Teilnehmerkonto verfügen."
clientgui/AccountInfoPage.cpp:343,Are you already running this project?,Nehmen Sie bereits an diesem Projekt teil?
clientgui/AccountInfoPage.cpp:347,"&No, new user","&Nein, neues Teilnehmerkonto"
clientgui/AccountInfoPage.cpp:350,"&Yes, existing user","&Ja, existierendes Teilnehmerkonto"
clientgui/AccountInfoPage.cpp:366 clientgui/AccountInfoPage.cpp:519,&Password:,&Passwort:
clientgui/AccountInfoPage.cpp:373 clientgui/AccountInfoPage.cpp:534,Choose a &password:,Passwort &auswählen:
clientgui/AccountInfoPage.cpp:376,C&onfirm password:,Passwort &bestätigen:
clientgui/AccountInfoPage.cpp:383,Are you already running %s?,Läuft %s bereits?
clientgui/AccountInfoPage.cpp:400,&Username:,Benutzername:
clientgui/AccountInfoPage.cpp:414,&Email address:,Emailadresse:
clientgui/AccountInfoPage.cpp:421,minimum length %d,minimale Länge %d
clientgui/AccountInfoPage.cpp:426,Forgot your password?,Passwort vergessen?
clientgui/AccountInfoPage.cpp:456 clientgui/WelcomePage.cpp:332 clientgui/WelcomePage.cpp:346,Attach to project,Projekt anmelden
clientgui/AccountInfoPage.cpp:458,Update account manager,Kontoverwaltung aktuallisieren
clientgui/AccountInfoPage.cpp:460,Attach to account manager,Bei einer Kontoverwaltung anmelden
clientgui/AccountInfoPage.cpp:471,The minimum password length for this project is %d. Please enter a different password.,Die minimale Passwortlänge für dieses Projekt ist %d. Bitte wählen Sie ein anderes Passwort.
clientgui/AccountInfoPage.cpp:477,The minimum password length for this account manager is %d. Please enter a different password.,Die minimale Passwortlänge für diese Kontoverwaltung ist %d. Bitte wählen Sie ein anderes Passwort.
clientgui/AccountInfoPage.cpp:488,The password and confirmation password do not match. Please type them again.,Das Passwort und die Bestätigung weichen voneinander ab. Bitte wiederholen sie die Eingabe.
clientgui/AccountManagerInfoPage.cpp:173,Account Manager URL,Kontoverwaltung URL:
clientgui/AccountManagerInfoPage.cpp:176,Enter the URL of the account manager's web site.,Geben Sie die URL für die Webseite der Kontoverwaltung ein.
clientgui/AccountManagerInfoPage.cpp:179,"You can copy and paste the URL from your browser's
address bar.","Sie können die URL aus der Adresszeile ihres Internetbrowsers mit ""Kopieren und Einfügen"" übertragen."
clientgui/AccountManagerInfoPage.cpp:182,Account Manager &URL:,Kontoverwaltung &URL:
clientgui/AccountManagerInfoPage.cpp:185,For a list of account managers go to:,Für eine Liste von Kontoverwaltungen besuchen sie:
clientgui/AccountManagerProcessingPage.cpp:189 clientgui/AccountManagerPropertiesPage.cpp:193,Communicating with %s.,Kommunikation mit %s
clientgui/AccountManagerProcessingPage.cpp:196 clientgui/AccountManagerPropertiesPage.cpp:200,Communicating with server.,Kommunikation mit dem Server 
clientgui/AccountManagerProcessingPage.cpp:201 clientgui/AccountManagerPropertiesPage.cpp:205,Please wait...,Bitte warten
clientgui/AccountManagerProcessingPage.cpp:312 clientgui/ProjectProcessingPage.cpp:487 clientgui/ProjectProcessingPage.cpp:545,"An internal server error has occurred.
","Ein interner Server Fehler ist aufgetreten.
"
clientgui/AdvancedFrame.cpp:99,Connected,Verbunden
clientgui/AdvancedFrame.cpp:107,Disconnected,Verbindung getrennt
clientgui/AdvancedFrame.cpp:308 clientgui/sg_BoincSimpleGUI.cpp:106,&Close Window	CTRL+W,&Fenster schließen	Strg+W
clientgui/AdvancedFrame.cpp:309 clientgui/sg_BoincSimpleGUI.cpp:107,Close BOINC Manager Window.,BOINC-Manager-Fenster schließen.
clientgui/AdvancedFrame.cpp:315,Exit the %s,%s verlassen
clientgui/AdvancedFrame.cpp:320 clientgui/BOINCTaskBar.cpp:617 clientgui/mac/MacSysMenu.cpp:218,E&xit,&Beenden
clientgui/AdvancedFrame.cpp:329,&Advanced View,&Tabellenansicht
clientgui/AdvancedFrame.cpp:330,Advanced views allow you to sort various columns and displays graphical progress bars.,Tabellenansichten erlauben das Sortieren verschiedener Spalten und die Darstellung von Fortschrittsbalken.
clientgui/AdvancedFrame.cpp:335,&Simple View...,&Einfache Ansicht...
clientgui/AdvancedFrame.cpp:336,Display the simple BOINC graphical interface.,Schaltet auf die vereinfachte BOINC-Grafikoberfläche um.
clientgui/AdvancedFrame.cpp:350,Attach to &project...,Projekt &anmelden ...
clientgui/AdvancedFrame.cpp:351,Attach to a project, Ein Projekt anmelden
clientgui/AdvancedFrame.cpp:355,Attach to &account manager...,Bei einer Kontoverwaltung an&melden ...
clientgui/AdvancedFrame.cpp:356,Attach to an account manager,Bei einer Kontoverwaltung anmelden
clientgui/AdvancedFrame.cpp:360,&Synchronize with %s,&Synchronisiere mit %s
clientgui/AdvancedFrame.cpp:364,Get current settings from %s,Hole die aktuellen Einstellungen von %s
clientgui/AdvancedFrame.cpp:379,&Run always,&Immer ausführen
clientgui/AdvancedFrame.cpp:380,Allow work regardless of preferences,"BOINC arbeitet permanent. Andere Einstellungen, ausgenommen zum Netzwerkzugriff, werden übersteuert."
clientgui/AdvancedFrame.cpp:384,Run based on &preferences,Ausführen nach &Voreinstellung
clientgui/AdvancedFrame.cpp:385,Allow work according to your preferences,BOINC arbeitet entsprechend der Einstellungen.
clientgui/AdvancedFrame.cpp:389,&Suspend,&Anhalten
clientgui/AdvancedFrame.cpp:390,Stop work regardless of preferences,BOINC unterbricht alle Arbeiten. Andere Einstellungen werden übersteuert.
clientgui/AdvancedFrame.cpp:413,&Network activity always available,Netzwerkzugriff immer a&usführen
clientgui/AdvancedFrame.cpp:414,Allow network activity regardless of preferences,Erlaubt BOINC immer auf das Internet zuzugreifen.
clientgui/AdvancedFrame.cpp:418,Network activity based on &preferences,Netzwerkaktivität nach V&oreinstellung
clientgui/AdvancedFrame.cpp:419,Allow network activity according to your preferences,Erlaubt BOINC den Internetzugriff entsprechend der Einstellungen.
clientgui/AdvancedFrame.cpp:423,&Network activity suspended,Netzwerkzugriff a&bgeschaltet
clientgui/AdvancedFrame.cpp:424,Stop BOINC network activity,Verhindert das BOINC auf das Internet zugreift.
clientgui/AdvancedFrame.cpp:431,&Options...,&Optionen ...
clientgui/AdvancedFrame.cpp:432,Configure GUI options and proxy settings,Das Aussehen des BOINC Mangers und die Proxy Einstellungen konfigurieren.
clientgui/AdvancedFrame.cpp:436,&Preferences...,&Einstellungen...
clientgui/AdvancedFrame.cpp:437,Configure local preferences,Die lokalen Einstellungen konfigurieren.
clientgui/AdvancedFrame.cpp:443,Connect to another computer running %s,Verbindet mit einem anderen Computer auf dem %s läuft.
clientgui/AdvancedFrame.cpp:448,Select computer...,&Computer auswählen
clientgui/AdvancedFrame.cpp:453,Shut down connected client...,Beenden des aktuell verbundenen Client...
clientgui/AdvancedFrame.cpp:454,Shut down the currently connected core client,Beendet den aktuell verbundenen Client.
clientgui/AdvancedFrame.cpp:458,Run CPU &benchmarks,Bench&marks ausführen
clientgui/AdvancedFrame.cpp:459,Runs BOINC CPU benchmarks,Startet die BOINC CPU Benchmarks.
clientgui/AdvancedFrame.cpp:463,Do network &communication,Netzwerk-&Kommunikation ausführen
clientgui/AdvancedFrame.cpp:464,Do all pending network communication.,Ausstehende Netzwerk-Kommunikation ausführen.
clientgui/AdvancedFrame.cpp:468,Read config file,Konfigurationsdatei lesen
clientgui/AdvancedFrame.cpp:469,Read configuration info from cc_config.xml.,Konfiguration aus cc-config.xml lesen.
clientgui/AdvancedFrame.cpp:473,Read local prefs file,Lokale Einstellungsdatei lesen
clientgui/AdvancedFrame.cpp:474,Read preferences from global_prefs_override.xml.,Einstellungen aus global_prefs_override.xml lesen.
clientgui/AdvancedFrame.cpp:478,&Stop using %s...,&Stoppe die Nutzung von %s...
clientgui/AdvancedFrame.cpp:484,Remove client from account manager control.,Trennt diesen Client von der Kontoverwaltung.
clientgui/AdvancedFrame.cpp:488,Attach to &project,Projekt &anmelden
clientgui/AdvancedFrame.cpp:489,Attach to a project to begin processing work,Sie müssen ein Projekt an diesem Rechner anmelden um mit der Arbeit zu beginnen.
clientgui/AdvancedFrame.cpp:500 clientgui/sg_BoincSimpleGUI.cpp:116,%s &help,%s &Hilfe
clientgui/AdvancedFrame.cpp:506 clientgui/sg_BoincSimpleGUI.cpp:122,Show information about %s,Zeigt Informationen über %s
clientgui/AdvancedFrame.cpp:518,&%s help,&%s Hilfe
clientgui/AdvancedFrame.cpp:524 clientgui/sg_BoincSimpleGUI.cpp:140,Show information about the %s,Zeigt Informationen über %s
clientgui/AdvancedFrame.cpp:536 clientgui/sg_BoincSimpleGUI.cpp:152,%s &website,%s &Webseite
clientgui/AdvancedFrame.cpp:542 clientgui/sg_BoincSimpleGUI.cpp:158,Show information about BOINC and %s,Zeigt Informationen über BOINC und %s
clientgui/AdvancedFrame.cpp:558 clientgui/BOINCTaskBar.cpp:607,&About %s...,&Über %s...
clientgui/AdvancedFrame.cpp:564,Licensing and copyright information.,Lizenz- und Copyright-Informationen
clientgui/AdvancedFrame.cpp:571 clientgui/sg_BoincSimpleGUI.cpp:181,&File,&Datei
clientgui/AdvancedFrame.cpp:575,&View,&Ansicht
clientgui/AdvancedFrame.cpp:579,&Tools,&Assistenten
clientgui/AdvancedFrame.cpp:583,&Activity,&Steuerung
clientgui/AdvancedFrame.cpp:587,A&dvanced,&Extras
clientgui/AdvancedFrame.cpp:591 clientgui/sg_BoincSimpleGUI.cpp:171 clientgui/wizardex.cpp:399 clientgui/wizardex.cpp:406,&Help,&Hilfe
clientgui/AdvancedFrame.cpp:1213,%s - Shutdown the current client...,%s - Beende den aktuellen Client...
clientgui/AdvancedFrame.cpp:1222,"%s will shut down the currently connected client,
and prompt you for another host to connect to.
","%s - beendet den aktuell verbundenen Client,und fragt nach einem anderen Rechner zum Verbinden."
clientgui/AdvancedFrame.cpp:1369,%s - Detach from %s,%s - Von %s abmelden
clientgui/AdvancedFrame.cpp:1374,"If you stop using %s,
you'll keep all your current projects,
but you'll have to manage projects manually.

Do you want to stop using %s?","Wenn Sie sich von %s abmelden
bleiben alle Ihre aktuellen Projekte erhalten,
Aber Sie müssen die Projekte manuell verwalten.

Wollen Sie mit der Abmeldung von %s forfahren?"
clientgui/AdvancedFrame.cpp:1421,Attaching to project...,Projekt wird angemeldet
clientgui/AdvancedFrame.cpp:1460,Retrying communications for project(s)...,Wiederhole die Kommunikation für Projekt ...
clientgui/AdvancedFrame.cpp:1551,%s - Language Selection,Sprachauswahl: %s
clientgui/AdvancedFrame.cpp:1558,"The %s's default language has been changed, in order for this change to take affect you must restart the %s.","Die voreingestellte Sprache (%s) wurde geändert.
Damit dies wirksam wird muss der %s neu gestartet werden."
clientgui/AdvancedFrame.cpp:1795 clientgui/DlgAbout.cpp:104,%s,%s
clientgui/AdvancedFrame.cpp:1804,%s has successfully attached to %s,%s wurde erfolgreich mit %s verbunden.
clientgui/AdvancedFrame.cpp:1940,%s - (%s),%s - (%s)
clientgui/AdvancedFrame.cpp:1943,Connecting to %s,Verbinden mit %s
clientgui/AdvancedFrame.cpp:1946,Connected to %s (%s),Verbunden mit %s (%s)
clientgui/AlreadyAttachedPage.cpp:180,Already attached to project,Sie sind bereits mit dem Projekt verbunden
clientgui/AlreadyAttachedPage.cpp:183,You are already attached to this project.,Dieses Projekt ist bereits angemeldet!
clientgui/AlreadyExistsPage.cpp:183,Username already in use,Der Teilnehmername wird bereits verwendet!
clientgui/AlreadyExistsPage.cpp:186,"An account with that username already exists and has a
different password than the one you entered.

Please visit the project's web site and follow the instructions there.",Ein Konto mit diesem Teilnehmernamen existiert bereits und verwendetein anderes Passwort als Sie eingegeben haben.Bitte besuchen Sie die Projektwebseite und folgen Sie dort den Anweisungen.
clientgui/AlreadyExistsPage.cpp:190,Email address already in use,Die Emailadresse wird bereits benutzt!
clientgui/AlreadyExistsPage.cpp:193,"An account with that email address already exists and has a
different password than the one you entered.

Please visit the project's web site and follow the instructions there.","Ein Konto mit dieser Emailadresse existiert bereits und verwendet
ein anderes Passwort als Sie eingegeben haben.

Bitte besuchen Sie die Projektwebseite und folgen Sie dort den Anweisungen."
clientgui/AsyncRPC.cpp:940,Communicating with BOINC client.  Please wait ...,Kommuniziere mit dem BOINC Client. Bitte warten ...
clientgui/BOINCBaseFrame.cpp:414,%s - Connection Error,%s - Verbindungsfehler
clientgui/BOINCBaseFrame.cpp:423,"You currently are not authorized to manage the client.
Please contact your administrator to add you to the 'boinc_users' local user group.","Sie sind nicht autorisiert den Client zu verwalten.
Bitte fragen Sie Ihren Administrator, ob er sie zu der lokalen Nutzergruppe 'boinc_users' hinzufügen kann."
clientgui/BOINCBaseFrame.cpp:433,"Authorization failed connecting to running client.
Make sure you start this program in the same directory as the client.","Autorisation fehlgeschlagen beim Versuch mit dem laufenden Client zu verbinden.
Überprüfen Sie, ob das Programm im selben Verzeichnis wie der Client gestartet wurde."
clientgui/BOINCBaseFrame.cpp:435,Authorization failed connecting to running client.,Autorisation fehlgeschlagen beim Versuch mit dem laufenden Client zu verbinden.
clientgui/BOINCBaseFrame.cpp:443,"The password you have provided is incorrect, please try again.",Das eingegebene Passwort ist falsch. Bitte erneut versuchen.
clientgui/BOINCBaseFrame.cpp:482,%s - Connection Failed,%s - Verbindung fehlgeschlagen
clientgui/BOINCBaseFrame.cpp:491,"%s is not able to connect to a %s client.
Would you like to try to connect again?","%s kann sich nicht mit einem %s Client verbinden.
Wollen Sie es erneut versuchen?"
clientgui/BOINCBaseFrame.cpp:527,%s - Daemon Start Failed,Start des %s - Dienstes fehlgeschlagen.
clientgui/BOINCBaseFrame.cpp:537,"%s is not able to start a %s client.
Please launch the Control Panel->Administative Tools->Services applet and start the BOINC service.","%s ist nicht in der Lage einen %s Client zu starten.
Bitte öffnen Sie die Systemsteuerung->Verwaltung->Dienste und starten Sie den BOINC Dienst."
clientgui/BOINCBaseFrame.cpp:543,"%s is not able to start a %s client.
Please start the daemon and try again.","%s ist nicht in der Lage einen %s Client zu starten.
Bitte starten Sie den Dienst und versuchen Sie es erneut."
clientgui/BOINCBaseFrame.cpp:589,%s - Connection Status,%s - Verbindungsstatus
clientgui/BOINCBaseFrame.cpp:600,"%s is not currently connected to a %s client.
Please use the 'Advanced\Select Computer...' menu option to connect up to a %s client.
To connect up to your local computer please use 'localhost' as the host name.","%s ist augenblicklich nicht mit mit dem %s Clientverbunden. Bitte benutzen Sie die 'Datei\Computer auswählen ...'Menüoption um die Verbindung mit einem %s Client neu aufzubauen.Wenn Sie keinen anderen Computer fernsteuern wollen, dann lassenSie die Felder 'Computername und Passwort leer, oder benutzen Sie'localhost' als Computername.."
clientgui/BOINCBaseView.cpp:746 clientgui/ViewProjectsGrid.cpp:644 clientgui/ViewWorkGrid.cpp:542,Web sites,Webseiten
clientgui/BOINCDialupManager.cpp:61,%s - Network Status,%s - Netzwerkstatus
clientgui/BOINCDialupManager.cpp:255,%s needs to connect to the Internet.  Please click to open %s.,%s benötigt eine Verbindung zum Internet. Mausklick um %s zu öffnen.
clientgui/BOINCDialupManager.cpp:263,"%s is unable to communicate with a project and needs an Internet connection.
Please connect to the Internet, then select the 'Do network communications' item from the Advanced menu.","%s kann nicht mit einem Projekt kommunizieren und benötigt eine Internetverbindung.Bitte verbinden Sie sich mit dem Internet und wählen sie anschließend ""Netzwerk-Kommunikation ausführen"" im Menü ""Extras""."
clientgui/BOINCDialupManager.cpp:310,"%s needs to connect to the Internet.
May it do so now?","%s benötigt eine Verbindung zum Netzwerk.
Darf es sich jetzt einwählen?"
clientgui/BOINCDialupManager.cpp:323,%s is connecting to the Internet.,%s verbindet sich mit dem Internet.
clientgui/BOINCDialupManager.cpp:354,"%s couldn't do Internet communication, and no default connection is selected.
Please connect to the Internet, or select a default connection
using Advanced/Options/Connections.","%s kann nicht mit einem Projekt kommunizieren und es gibt keine Standardverbindung.Bitte verbinden Sie sich mit dem Internet oder legen Sie im Registerblatt ""Verbindungen""  im Dialog ""Optionen"" im Menü ""Extras"" eine Standardverbindung fest."
clientgui/BOINCDialupManager.cpp:386,%s has successfully connected to the Internet.,%s konnte sich erfolgreich mit dem Internet verbinden.
clientgui/BOINCDialupManager.cpp:414,%s failed to connect to the Internet.,%s konnte sich nicht mit dem Internet verbinden.
clientgui/BOINCDialupManager.cpp:455,"%s has detected it is now connected to the Internet.
Updating all projects and retrying all transfers.",%s ist jetzt mit dem Internet verbunden. Alle Projekte werden aktualisiert und alle Übertragungen fortgesetzt.
clientgui/BOINCDialupManager.cpp:500,%s has successfully disconnected from the Internet.,%s hat die Internetverbindung erfolgreich beendet.
clientgui/BOINCDialupManager.cpp:516,%s failed to disconnected from the Internet.,%s konnte die Internetverbindung nicht beenden.
clientgui/BOINCGUIApp.cpp:365,"A reboot is required in order for BOINC to run properly.
Please reboot your computer and try again.","Ein Neustart ist erforderlich damit BOINC einwandfrei
 funktioniert. Bitte starten sie den Computer neu und
versuchen es erneut."
clientgui/BOINCGUIApp.cpp:366 clientgui/DlgAbout.cpp:136,BOINC Manager,BOINC-Manager
clientgui/BOINCGUIApp.cpp:515,BOINC Manager was started by the operating system automatically,Der BOINC-Manager wurde automatisch vom Betriebssystem gestartet.
clientgui/BOINCGUIApp.cpp:516,Startup BOINC so only the system tray icon is visible,"Starte BOINC so, dass nur das Symbol im Infobereich der Taskleiste sichtbar ist."
clientgui/BOINCGUIApp.cpp:517,Startup BOINC with these optional arguments,Starte BOINC mit diesen optionalen Argumenten
clientgui/BOINCGUIApp.cpp:518,disable BOINC security users and permissions,BOINC Sicherheit Benutzer und Rechte abschalten
clientgui/BOINCGUIApp.cpp:675,(Automatic Detection),(Automatische Erkennung)
clientgui/BOINCGUIApp.cpp:676,(Unknown),(Unbekannt)
clientgui/BOINCGUIApp.cpp:677,(User Defined),(Benutzerauswahl)
clientgui/BOINCTaskBar.cpp:327,Computation is suspended.,Berechnung wurde angehalten.
clientgui/BOINCTaskBar.cpp:335,Network activity is suspended.,Netzwerkzugriff ist abgeschaltet.
clientgui/BOINCTaskBar.cpp:369,%s: %.2f%% completed.,%s: %.2f%% fertig.
clientgui/BOINCTaskBar.cpp:382,%d tasks running.,%d aktive Aufgaben.
clientgui/BOINCTaskBar.cpp:391,Reconnecting to client.,Wiederherstellen der Verbindung zu einem Client.
clientgui/BOINCTaskBar.cpp:397,Not connected to a client.,Nicht mit einem Client verbunden.
clientgui/BOINCTaskBar.cpp:588,Open %s Web...,Öffne %s Web...
clientgui/BOINCTaskBar.cpp:595,Open %s...,Öffne %s...
clientgui/BOINCTaskBar.cpp:602,Snooze,BOINC anhalten
clientgui/CompletionErrorPage.cpp:200,Failed to attach to project,Anmeldung fehlgeschlagen!
clientgui/CompletionErrorPage.cpp:205,Failed to update account manager,Aktualisieren der Kontoverwaltung fehlgeschlagen!
clientgui/CompletionErrorPage.cpp:209,Failed to remove account manager,Entfernen der Kontoverwaltung fehlgeschlagen!
clientgui/CompletionErrorPage.cpp:213,Failed to attach to account manager,Anmelden bei der Kontoverwaltung fehlgeschlagen!
clientgui/CompletionErrorPage.cpp:222,"An error has occurred;
check Messages for details.

Click Finish to close.","Es ist ein Fehler aufgetreten, bitte prüfen Sie das Register ""Meldungen""
für weitere Details.

Drücken sie [Beenden] zum Schließen."
clientgui/CompletionErrorPage.cpp:226 clientgui/CompletionPage.cpp:220 clientgui/CompletionPage.cpp:243 clientgui/CompletionPage.cpp:264 clientgui/CompletionPage.cpp:313,Click Finish to close.,Klicke [Beenden] zum Schließen.
clientgui/CompletionErrorPage.cpp:235,Messages from server:,Nachricht vom Server:
clientgui/CompletionPage.cpp:205,Attached to project,Beim Projekt angemeldet.
clientgui/CompletionPage.cpp:211,You are now successfully attached to this project.,Sie wurden erfolgreich mit dem Projekt verbunden.
clientgui/CompletionPage.cpp:216,"When you click Finish, your web browser will go to a page where
you can set your account name and preferences.","Wenn Sie auf [Beenden] klicken wird Ihr Webbrowser zu
einer Webseite geführt, wo sie Kontoname und Einstellungen anpassen können."
clientgui/CompletionPage.cpp:233,Update from %s completed.,Aktualisierung von %s abgeschlossen.
clientgui/CompletionPage.cpp:237,Update completed.,Aktualisierung abgeschlossen.
clientgui/CompletionPage.cpp:254,Removal from %s completed.,Entfernen von %s abgeschlossen.
clientgui/CompletionPage.cpp:258,Removal succeeded!,Entfernen erfolgreich!
clientgui/CompletionPage.cpp:275,Attached to %s,Verbunden mit %s.
clientgui/CompletionPage.cpp:279,Attached to account manager,Bei einer Kontoverwaltung anmelden
clientgui/CompletionPage.cpp:289,Welcome to %s!,Willkommen bei %s
clientgui/CompletionPage.cpp:303,You are now successfully attached to the %s system.,Sie sind nun erfolgreich mit dem %s System verbunden.
clientgui/CompletionPage.cpp:307,You are now successfully attached to this account manager.,Sie sind nun erfolgreich mit einer Kontoverwaltung verbunden.
clientgui/ctest.cpp:154 clientgui/ctest.cpp:158,Static text,Statischer Text
clientgui/ctest.cpp:166 clientgui/ctest.cpp:171,Radiobutton,Radioknopf
clientgui/DlgAbout.cpp:98,About %s,Über %s
clientgui/DlgAbout.cpp:155,Version:,Version:
clientgui/DlgAbout.cpp:163,wxWidgets Version:,wxWidgets Version:
clientgui/DlgAbout.cpp:171,Copyright:,Copyright:
clientgui/DlgAbout.cpp:175,"(C) 2003-2008 University of California, Berkeley.
All Rights Reserved.","(C) 2003-2008 University of California, Berkeley.Alle Rechte vorbehalten."
clientgui/DlgAbout.cpp:179 clientgui/DlgAbout.cpp:183,Berkeley Open Infrastructure for Network Computing,Berkeley Open Infrastructure for Network Computing
clientgui/DlgAbout.cpp:195 clientgui/DlgExitMessage.cpp:172 clientgui/DlgGenericMessage.cpp:120 clientgui/DlgOptions.cpp:383 clientgui/DlgSelectComputer.cpp:147,&OK,&Bestätigen
clientgui/DlgAdvPreferences.cpp:474,invalid float,Ungültige Fließkommazahl
clientgui/DlgAdvPreferences.cpp:475,"invalid time, format is HH:MM","Ungültige Zeitangabe, Format ist HH:MM"
clientgui/DlgAdvPreferences.cpp:476,"invalid time interval, format is HH:MM-HH:MM","Ungültige Zeitangabe, Format ist HH:MM-HH:MM"
clientgui/DlgAdvPreferences.cpp:585,invalid input value detected,Ungültiger Eingabewert entdeckt
clientgui/DlgAdvPreferences.cpp:587,Validation Error,Gültigkeitsproblem
clientgui/DlgAdvPreferences.cpp:730,Do you really want to clear all local preferences ?,Wollen Sie wirklich alle lokalen Einstellungen löschen?
clientgui/DlgAdvPreferences.cpp:731,Confirmation,Bestätigung
clientgui/DlgAdvPreferencesBase.cpp:31 clientgui/sg_DlgPreferences.cpp:1037,%s - Preferences,%s - Einstellungen
clientgui/DlgAdvPreferencesBase.cpp:49,"This dialog controls preferences for this computer only.
Click OK to set preferences.
Click Clear to restore web-based settings.",Dieser Dialog regelt die Einstellungen nur für diesen Rechner. Klick auf OK zum Übernehmen der Einstellungen.Klick auf Löschen zum Wiederherstellen der webbasierten Einstellungen.
clientgui/DlgAdvPreferencesBase.cpp:52,Clear,Löschen
clientgui/DlgAdvPreferencesBase.cpp:53,clear all local preferences and close the dialog,alle lokalen Einstellungen löschen und den Dialog schließen
clientgui/DlgAdvPreferencesBase.cpp:75,Computing allowed,Rechnen erlaubt
clientgui/DlgAdvPreferencesBase.cpp:77, While computer is on batteries, Wenn der Computer im Batteriebetrieb ist
clientgui/DlgAdvPreferencesBase.cpp:79,check this if you want this computer to do work while it runs on batteries,"aktiviere diese Option, wenn der Computer im Batteriebetrieb rechnen soll"
clientgui/DlgAdvPreferencesBase.cpp:83, While computer is in use, Wenn der Computer benutzt wird
clientgui/DlgAdvPreferencesBase.cpp:85,check this if you want this computer to do work even when you're using it,"aktiviere diese Option, wenn der Computer rechnen soll, selbst wenn er benutzt wird"
clientgui/DlgAdvPreferencesBase.cpp:95,Only after computer has been idle for,Nur wenn der Computer nicht beschäftigt war seit
clientgui/DlgAdvPreferencesBase.cpp:99,do work only after you haven't used the computer for this number of minutes,"rechnet nur, wenn der Computer seit dieser Anzahl von Minuten nicht in Benutzung war"
clientgui/DlgAdvPreferencesBase.cpp:103 clientgui/DlgAdvPreferencesBase.cpp:223 clientgui/sg_DlgPreferences.cpp:453,minutes,Minuten
clientgui/DlgAdvPreferencesBase.cpp:114 clientgui/DlgAdvPreferencesBase.cpp:338,Every day between hours of,Jeden Tag in der Zeit zwischen
clientgui/DlgAdvPreferencesBase.cpp:118,start work at this time,beginne Arbeit zu dieser Zeit
clientgui/DlgAdvPreferencesBase.cpp:122 clientgui/DlgAdvPreferencesBase.cpp:346 clientgui/sg_DlgPreferences.cpp:362 clientgui/sg_DlgPreferences.cpp:384,and,und
clientgui/DlgAdvPreferencesBase.cpp:126,stop work at this time,beende Arbeit zu dieser Zeit
clientgui/DlgAdvPreferencesBase.cpp:130 clientgui/DlgAdvPreferencesBase.cpp:354,(no restriction if equal),"(keine Einschränkungen, wenn gleich)"
clientgui/DlgAdvPreferencesBase.cpp:135 clientgui/DlgAdvPreferencesBase.cpp:359,Day-of-week override:,Ausnahmen für Wochentage:
clientgui/DlgAdvPreferencesBase.cpp:140 clientgui/DlgAdvPreferencesBase.cpp:364,check box to specify hours for this day of week,"markiere Kontrollkästchen, um die Stunden für diesen Wochentag festzulegen"
clientgui/DlgAdvPreferencesBase.cpp:150 clientgui/DlgAdvPreferencesBase.cpp:374,Monday,Montag
clientgui/DlgAdvPreferencesBase.cpp:157 clientgui/DlgAdvPreferencesBase.cpp:381,Tuesday,Dienstag
clientgui/DlgAdvPreferencesBase.cpp:164 clientgui/DlgAdvPreferencesBase.cpp:388,Wednesday,Mittwoch
clientgui/DlgAdvPreferencesBase.cpp:171 clientgui/DlgAdvPreferencesBase.cpp:395,Thursday,Donnerstag
clientgui/DlgAdvPreferencesBase.cpp:178 clientgui/DlgAdvPreferencesBase.cpp:402,Friday,Freitag
clientgui/DlgAdvPreferencesBase.cpp:185 clientgui/DlgAdvPreferencesBase.cpp:409,Saturday,Sonnabend
clientgui/DlgAdvPreferencesBase.cpp:192 clientgui/DlgAdvPreferencesBase.cpp:416,Sunday,Sonntag
clientgui/DlgAdvPreferencesBase.cpp:209,Other options,Andere Optionen
clientgui/DlgAdvPreferencesBase.cpp:217,Switch between applications between every,Wechsel zwischen den Anwendungen alle
clientgui/DlgAdvPreferencesBase.cpp:226,"On multiprocessor systems, use at most",Auf Multiprozessorsystemen nutze höchstens
clientgui/DlgAdvPreferencesBase.cpp:232,% of the processors,% der Prozessoren
clientgui/DlgAdvPreferencesBase.cpp:235 clientgui/DlgAdvPreferencesBase.cpp:451 clientgui/DlgAdvPreferencesBase.cpp:473 clientgui/DlgAdvPreferencesBase.cpp:494 clientgui/DlgAdvPreferencesBase.cpp:517 clientgui/DlgAdvPreferencesBase.cpp:526,Use at most,Nutze höchstens
clientgui/DlgAdvPreferencesBase.cpp:242,% CPU time,% Prozessor-Zeit
clientgui/DlgAdvPreferencesBase.cpp:252,processor usage,Nutzung des Prozessors
clientgui/DlgAdvPreferencesBase.cpp:260,General options,Allgemeine Einstellungen
clientgui/DlgAdvPreferencesBase.cpp:267,Maximum download rate,Maximale Download-Rate
clientgui/DlgAdvPreferencesBase.cpp:273 clientgui/DlgAdvPreferencesBase.cpp:282,KBytes/sec.,KByte/Sek.
clientgui/DlgAdvPreferencesBase.cpp:276,Maximum upload rate,Maximale Upload-Rate
clientgui/DlgAdvPreferencesBase.cpp:285,Connect about every,verbinde etwa alle
clientgui/DlgAdvPreferencesBase.cpp:289,"this computer is connected to the Internet about every X days
(0 if it's always connected)","Dieser Computer wird etwa alle X Tage mit dem Internet verbunden
(0 wenn ständig verbunden)"
clientgui/DlgAdvPreferencesBase.cpp:293,days,Tage
clientgui/DlgAdvPreferencesBase.cpp:296,Additional work buffer,Zusätzlicher Arbeitspuffer
clientgui/DlgAdvPreferencesBase.cpp:302,days (max. 10),Tage (max. 10)
clientgui/DlgAdvPreferencesBase.cpp:305, Skip image file verification,Image-Dateien nicht überprüfen
clientgui/DlgAdvPreferencesBase.cpp:307,check this if your Internet provider modifies image files,"aktiviere diese Option, wenn die Image-Dateien durch den Internetprovider verändert werden"
clientgui/DlgAdvPreferencesBase.cpp:316,Connect options,Verbindungseinstellungen
clientgui/DlgAdvPreferencesBase.cpp:318,Confirm before connecting to internet,"Bestätigen, bevor mit dem Internet verbunden wird."
clientgui/DlgAdvPreferencesBase.cpp:320,"if checked, a confirmation dialog will be displayed before trying to connect to the Internet","wenn aktiviert, wird ein Abfragedialog eingeblendet, bevor eine Internetverbindung versucht wird"
clientgui/DlgAdvPreferencesBase.cpp:324,Disconnect when done,"Verbindung trennen, wenn fertig"
clientgui/DlgAdvPreferencesBase.cpp:326,"if checked, BOINC hangs up when network usage is done
(only relevant for dialup-connection)","wenn aktiviert, trennt BOINC die Netzwerkverbindung, wenn sie nicht mehr benötigt wird
(nur von Bedeutung bei Nutzung von Einwählverbindungen)"
clientgui/DlgAdvPreferencesBase.cpp:333,Network usage allowed,Nutzung des Netzwerks erlaubt
clientgui/DlgAdvPreferencesBase.cpp:342,network usage start hour,Anfang der Netzwerknutzung
clientgui/DlgAdvPreferencesBase.cpp:350,network usage stop hour,Ende der Netzwerknutzung
clientgui/DlgAdvPreferencesBase.cpp:435,network usage,Nutzung des Netzwerks
clientgui/DlgAdvPreferencesBase.cpp:443 clientgui/DlgItemProperties.cpp:109,Disk usage,Nutzung der Festplatte
clientgui/DlgAdvPreferencesBase.cpp:455,the maximum disk space used by BOINC (in Gigabytes),der maximal von BOINC benutzte Festplattenplatz (in GByte)
clientgui/DlgAdvPreferencesBase.cpp:459,Gigabytes disk space,GByte Festplattenplatz
clientgui/DlgAdvPreferencesBase.cpp:462,Leave at least,Lasse mindestens
clientgui/DlgAdvPreferencesBase.cpp:466,BOINC leaves at least this amount of disk space free (in Gigabytes),BOINC läßt dieses Minimum an Festplattenplatz frei (in GByte)
clientgui/DlgAdvPreferencesBase.cpp:470,Gigabytes disk space free,GByte Festplattenplatz frei
clientgui/DlgAdvPreferencesBase.cpp:477,BOINC uses at most this percentage of total disk space,BOINC nutzt höchstens diesen Anteil in % vom gesamten Festplattenplatz
clientgui/DlgAdvPreferencesBase.cpp:482,% of total disk space,% des gesamten Festplattenplatzes
clientgui/DlgAdvPreferencesBase.cpp:485,Write to disk at most every,Schreibe auf Festplatte höchstens alle
clientgui/DlgAdvPreferencesBase.cpp:491,seconds,Sekunden
clientgui/DlgAdvPreferencesBase.cpp:501,% of page file (swap space),% der Auslagerungsdatei (des Swap-Speichers)
clientgui/DlgAdvPreferencesBase.cpp:509,Memory usage,Nutzung des Speichers
clientgui/DlgAdvPreferencesBase.cpp:523,% when computer is in use,"%, wenn der Rechner benutzt wird"
clientgui/DlgAdvPreferencesBase.cpp:532,% when computer is idle,"%, wenn der Rechner nicht beschäftigt ist"
clientgui/DlgAdvPreferencesBase.cpp:537, Leave applications in memory while suspended," Lasse Anwendung im Speicher, wenn sie pausiert"
clientgui/DlgAdvPreferencesBase.cpp:539,"if checked, suspended work units are left in memory","wenn aktiviert, verbleiben unterbrochene Arbeitseinheiten im Speicher"
clientgui/DlgAdvPreferencesBase.cpp:548,disk and memory usage,Nutzung von Festplatte und Speicher
clientgui/DlgAdvPreferencesBase.cpp:561,OK,&Bestätigen
clientgui/DlgAdvPreferencesBase.cpp:562,save all values and close the dialog,speichert alle Änderungen und schließt den Dialog
clientgui/DlgAdvPreferencesBase.cpp:566,Cancel,&Abbrechen
clientgui/DlgAdvPreferencesBase.cpp:567,close the dialog without saving,schließt den Dialog ohne die Änderungen zu speichern
clientgui/DlgAdvPreferencesBase.cpp:571 clientgui/Localization.cpp:35 clientgui/Localization.cpp:121 clientgui/Localization.cpp:139,Help,Hilfe
clientgui/DlgAdvPreferencesBase.cpp:572,shows the preferences web page,zeigt die Einstellungen-Webseite
clientgui/DlgExitMessage.cpp:82,%s - Exit Confirmation,%s - Bestätigung schließen
clientgui/DlgExitMessage.cpp:130,"You have requested to exit the %s,
which allows you to view and manage
the science applications running on your computer.

If you also want to stop running the science applications when you
exit the Manager, then choose from the following options:","Sie wollen den %s verlassen, der Ihnen erlaubt
die auf Ihrem PC laufenden wissenschaftlichenAnwendungen
zu überwachen und zu verwalten.

Wenn Sie diese Anwendungen ebenfalls beenden
wollen, wählen Sie die eine der folgenden Optionen:"
clientgui/DlgExitMessage.cpp:135,"This will shut down %s and its tasks entirely until either the
%s application or the %s screen saver is run again.

In most cases, it is better just to close the %s window
rather than to exit the application; that will allow %s to run its
tasks at the times you selected in your preferences.","Dies wird %s und seine Aufgaben ausser Betrieb nehmen, bis entweder
die %s-Anwendung oder der %s-Bildschirmschoner wieder
laufen.

In den meisten Fällen ist es besser nur das %s-Fenster zu
schließen und nicht die Anwendung zu verlassen. Das erlaubt %s
seine Aufgaben zu den Zeiten auszuführen die Sie in den Einstellungen
vorgegeben haben."
clientgui/DlgExitMessage.cpp:153,Stop running science applications when exiting the Manager,Wissenschaftliche Anwendungen zusammen mit dem BOINC Manager beenden.
clientgui/DlgExitMessage.cpp:164,Remember this decision and do not show this dialog.,Diese Einstellung merken und den Dialog nicht wieder anzeigen.
clientgui/DlgExitMessage.cpp:177 clientgui/DlgGenericMessage.cpp:125 clientgui/DlgOptions.cpp:388 clientgui/DlgSelectComputer.cpp:152 clientgui/wizardex.cpp:403,&Cancel,&Abbrechen
clientgui/DlgGenericMessage.cpp:112,Don't show this dialog again.,Diesen Dialog nicht wieder anzeigen.
clientgui/DlgItemProperties.cpp:56,&Close,Schließen
clientgui/DlgItemProperties.cpp:100,Properties of project ,Projekteigenschaften
clientgui/DlgItemProperties.cpp:104 clientgui/DlgOptions.cpp:205,General,Allgemein
clientgui/DlgItemProperties.cpp:105,Master URL,Master URL
clientgui/DlgItemProperties.cpp:106,User name,Benutzername
clientgui/DlgItemProperties.cpp:107,Team name,Teamname
clientgui/DlgItemProperties.cpp:108 clientgui/ViewProjects.cpp:223 clientgui/ViewProjectsBase.cpp:156 clientgui/ViewProjectsGrid.cpp:164,Resource share,Ressourcenaufteilung
clientgui/DlgItemProperties.cpp:110,Non CPU intensive,Nicht CPU intensiv
clientgui/DlgItemProperties.cpp:110 clientgui/DlgItemProperties.cpp:111 clientgui/DlgItemProperties.cpp:112 clientgui/DlgItemProperties.cpp:113 clientgui/DlgItemProperties.cpp:114 clientgui/DlgItemProperties.cpp:115 clientgui/DlgItemProperties.cpp:116,yes,Ja
clientgui/DlgItemProperties.cpp:110 clientgui/DlgItemProperties.cpp:111 clientgui/DlgItemProperties.cpp:112 clientgui/DlgItemProperties.cpp:113 clientgui/DlgItemProperties.cpp:114 clientgui/DlgItemProperties.cpp:115 clientgui/DlgItemProperties.cpp:116,no,Nein
clientgui/DlgItemProperties.cpp:111,Suspended via GUI,Über das Menü angehalten
clientgui/DlgItemProperties.cpp:112,Don't request more work,Keine weiteren Aufgaben anfordern
clientgui/DlgItemProperties.cpp:113,Scheduler call in progress,Laufende Scheduleranfrage
clientgui/DlgItemProperties.cpp:114,Attached via account manager,Über eine Kontoverwaltung angemeldet
clientgui/DlgItemProperties.cpp:115,Detach when done,Abmelden wenn fertig
clientgui/DlgItemProperties.cpp:116,Ended,Beendet
clientgui/DlgItemProperties.cpp:117,Credit,Guthaben
clientgui/DlgItemProperties.cpp:118,User,Teilnehmer
clientgui/DlgItemProperties.cpp:125,Host,Rechner
clientgui/DlgItemProperties.cpp:133,Scheduling,Planung
clientgui/DlgItemProperties.cpp:134,Short term debt,Kurzfristige Bewertung
clientgui/DlgItemProperties.cpp:135,Long term debt,Langfristige Bewerung
clientgui/DlgItemProperties.cpp:136,Duration correction factor,Duration correction factor
clientgui/DlgItemProperties.cpp:145,Properties of task ,Eigenschaften der Aufgabe
clientgui/DlgItemProperties.cpp:149 clientgui/ViewWork.cpp:215 clientgui/ViewWorkGrid.cpp:146,Application,Anwendung
clientgui/DlgItemProperties.cpp:150,Workunit name,Paketname
clientgui/DlgItemProperties.cpp:151,State,Status
clientgui/DlgItemProperties.cpp:153 clientgui/ViewWork.cpp:220 clientgui/ViewWorkGrid.cpp:147,Report deadline,Ablaufdatum
clientgui/DlgItemProperties.cpp:155,Resources,Ressourcen
clientgui/DlgItemProperties.cpp:158,CPU time at last checkpoint,Prozessor-Zeit beim letzten Checkpoint
clientgui/DlgItemProperties.cpp:159 clientgui/ViewWork.cpp:217 clientgui/ViewWorkGrid.cpp:146,CPU time,Prozessor-Zeit
clientgui/DlgItemProperties.cpp:161,Elapsed time,Verbrauchte Zeit
clientgui/DlgItemProperties.cpp:163,Estimated time remaining,Geschätzte verbleibende Zeit
clientgui/DlgItemProperties.cpp:164,Fraction done,Fortschritt
clientgui/DlgItemProperties.cpp:165,Virtual memory size,Größe des Virtuellen Speichers
clientgui/DlgItemProperties.cpp:166,Working set size,Größe des Arbeitspakets
clientgui/DlgItemProperties.cpp:251 clientgui/ViewWork.cpp:1020 clientgui/ViewWorkGrid.cpp:774,New,Neu
clientgui/DlgItemProperties.cpp:255 clientgui/ViewTransfers.cpp:752 clientgui/ViewTransfersGrid.cpp:421 clientgui/ViewWork.cpp:1024 clientgui/ViewWorkGrid.cpp:778,Download failed,Herunterladen fehlgeschlagen
clientgui/DlgItemProperties.cpp:257 clientgui/ViewTransfers.cpp:760 clientgui/ViewTransfersGrid.cpp:429 clientgui/ViewWork.cpp:1026 clientgui/ViewWorkGrid.cpp:780,Downloading,Am herunterladen
clientgui/DlgItemProperties.cpp:262 clientgui/ViewWork.cpp:1031 clientgui/ViewWorkGrid.cpp:785,Project suspended by user,Projekt angehalten durch Benutzer
clientgui/DlgItemProperties.cpp:264 clientgui/ViewWork.cpp:1033 clientgui/ViewWorkGrid.cpp:787,Task suspended by user,Angehalten durch Benutzer
clientgui/DlgItemProperties.cpp:266 clientgui/ViewTransfers.cpp:757 clientgui/ViewTransfersGrid.cpp:426 clientgui/ViewWork.cpp:1035 clientgui/ViewWorkGrid.cpp:789,Suspended,Angehalten
clientgui/DlgItemProperties.cpp:268 clientgui/ViewWork.cpp:1037 clientgui/ViewWorkGrid.cpp:791, - on batteries,\- Batteriebetrieb
clientgui/DlgItemProperties.cpp:271 clientgui/ViewWork.cpp:1040 clientgui/ViewWorkGrid.cpp:794, - user active,\- Benutzer ist aktiv
clientgui/DlgItemProperties.cpp:274 clientgui/ViewWork.cpp:1043 clientgui/ViewWorkGrid.cpp:797, - computation suspended,\- Berechnung angehalten
clientgui/DlgItemProperties.cpp:277 clientgui/ViewWork.cpp:1046 clientgui/ViewWorkGrid.cpp:800, - time of day,\- Tageszeit
clientgui/DlgItemProperties.cpp:280 clientgui/ViewWork.cpp:1049 clientgui/ViewWorkGrid.cpp:803, - CPU benchmarks,\- CPU Benchmarks
clientgui/DlgItemProperties.cpp:283 clientgui/ViewWork.cpp:1052 clientgui/ViewWorkGrid.cpp:806, - need disk space,\- nicht genug Speicherplatz
clientgui/DlgItemProperties.cpp:287 clientgui/ViewWork.cpp:1062 clientgui/ViewWorkGrid.cpp:810,Waiting for memory,Warten auf Speicher
clientgui/DlgItemProperties.cpp:289 clientgui/ViewWork.cpp:1064 clientgui/ViewWorkGrid.cpp:812,Waiting for shared memory,Warten auf geteilten Speicher
clientgui/DlgItemProperties.cpp:292 clientgui/ViewWork.cpp:1067 clientgui/ViewWorkGrid.cpp:815,"Running, high priority","Aktiv, hohe Priorität"
clientgui/DlgItemProperties.cpp:294 clientgui/sg_ImageButton.cpp:88 clientgui/ViewWork.cpp:1069 clientgui/ViewWorkGrid.cpp:817,Running,Aktiv
clientgui/DlgItemProperties.cpp:297 clientgui/ViewWork.cpp:1078 clientgui/ViewWorkGrid.cpp:826,Waiting to run,Verdrängt
clientgui/DlgItemProperties.cpp:299 clientgui/DlgItemProperties.cpp:302 clientgui/ViewWork.cpp:1080 clientgui/ViewWork.cpp:1086 clientgui/ViewWorkGrid.cpp:828 clientgui/ViewWorkGrid.cpp:831,Ready to start,Zur Ausführung bereit
clientgui/DlgItemProperties.cpp:306 clientgui/ViewWork.cpp:1090 clientgui/ViewWorkGrid.cpp:835,Computation error,Berechnungsfehler
clientgui/DlgItemProperties.cpp:310 clientgui/ViewTransfers.cpp:754 clientgui/ViewTransfersGrid.cpp:423 clientgui/ViewWork.cpp:1094 clientgui/ViewWorkGrid.cpp:839,Upload failed,Hochladen fehlgeschlagen
clientgui/DlgItemProperties.cpp:312 clientgui/ViewTransfers.cpp:760 clientgui/ViewTransfersGrid.cpp:429 clientgui/ViewWork.cpp:1096 clientgui/ViewWorkGrid.cpp:841,Uploading,Am hochladen
clientgui/DlgItemProperties.cpp:318 clientgui/ViewWork.cpp:1102 clientgui/ViewWorkGrid.cpp:847,Aborted by user,Abgebrochen durch Benutzer
clientgui/DlgItemProperties.cpp:321 clientgui/ViewWork.cpp:1105 clientgui/ViewWorkGrid.cpp:850,Aborted by project,Abgebrochen durch das Projekt
clientgui/DlgItemProperties.cpp:324 clientgui/ViewWork.cpp:1108 clientgui/ViewWorkGrid.cpp:853,Aborted,Abgebrochen
clientgui/DlgItemProperties.cpp:329 clientgui/ViewWork.cpp:1113 clientgui/ViewWorkGrid.cpp:858,Acknowledged,Bestätigt
clientgui/DlgItemProperties.cpp:331 clientgui/ViewWork.cpp:1115 clientgui/ViewWorkGrid.cpp:860,Ready to report,"Hochgeladen, meldebereit"
clientgui/DlgItemProperties.cpp:333 clientgui/ViewWork.cpp:1117 clientgui/ViewWorkGrid.cpp:862,Error: invalid state '%d',Fehler: Ungültiger Status '%d'
clientgui/DlgOptions.cpp:119,%s - Options,%s - Einstellungen
clientgui/DlgOptions.cpp:157,Language:,Sprache:
clientgui/DlgOptions.cpp:164,What language should the manager use?,Welche Sprache soll der Manager verwenden?
clientgui/DlgOptions.cpp:168,"Network reminder interval:
(minutes)","Intervall der Netzwerk-Erinnerung
(Minuten)"
clientgui/DlgOptions.cpp:180,How often should the Manager remind you when a network connection is needed?,Wie oft soll der Manager Sie erinnern wenn eine Netzwerkverbindung benötigt wird?
clientgui/DlgOptions.cpp:185,Run Manager at login?,Manager bei der Anmeldung starten?
clientgui/DlgOptions.cpp:191,Run the BOINC Manager when you log on.,Startet den BOINC-Manager when Sie sich anmelden.
clientgui/DlgOptions.cpp:196,Enable Manager exit dialog?,Ende-Dialog anzeigen?
clientgui/DlgOptions.cpp:202,Display the exit dialog when shutting down the Manager.,Zeigt den Ende-Dialog beim Verlassen des BOINC-Managers an.
clientgui/DlgOptions.cpp:213,Dial-up and Virtual Private Network settings,&Wähl- und Virtual Private Network Einstellungen
clientgui/DlgOptions.cpp:227,&Set Default,Standard &festlegen
clientgui/DlgOptions.cpp:232,&Clear Default,Standard &löschen
clientgui/DlgOptions.cpp:239,Default Connection:,Standardverbindung:
clientgui/DlgOptions.cpp:246,Connections,Verbindungen
clientgui/DlgOptions.cpp:255,Connect via HTTP proxy server,Über HTTP Proxyserver verbinden
clientgui/DlgOptions.cpp:259,HTTP Proxy Server Configuration,HTTP Proxyserver Konfiguration
clientgui/DlgOptions.cpp:267 clientgui/DlgOptions.cpp:331,Address:,Adresse:
clientgui/DlgOptions.cpp:275 clientgui/DlgOptions.cpp:339 clientgui/ProxyPage.cpp:341 clientgui/ProxyPage.cpp:361,Port:,Port:
clientgui/DlgOptions.cpp:283 clientgui/DlgOptions.cpp:347,Don't use proxy for:,Keinen Proxy benutzen für:
clientgui/DlgOptions.cpp:290 clientgui/DlgOptions.cpp:354,Leave these blank if not needed,"Leer lassen, wenn nicht benötigt."
clientgui/DlgOptions.cpp:296 clientgui/DlgOptions.cpp:360 clientgui/ProxyPage.cpp:344 clientgui/ProxyPage.cpp:364,User Name:,Benutzername:
clientgui/DlgOptions.cpp:304 clientgui/DlgOptions.cpp:368 clientgui/DlgSelectComputer.cpp:136 clientgui/ProxyPage.cpp:347 clientgui/ProxyPage.cpp:367,Password:,Passwort:
clientgui/DlgOptions.cpp:311,HTTP Proxy,HTTP Proxy
clientgui/DlgOptions.cpp:319,Connect via SOCKS proxy server,Über SOCKS Proxyserver verbinden
clientgui/DlgOptions.cpp:323,SOCKS Proxy Server Configuration,SOCKS Proxyserver Konfiguration
clientgui/DlgOptions.cpp:375,SOCKS Proxy,SOCKS Proxy
clientgui/DlgSelectComputer.cpp:90,%s - Select Computer,%s - wähle Rechner
clientgui/DlgSelectComputer.cpp:127,Host name:,Rechnername:
clientgui/hyperlink.cpp:181,%s - Can't find web browser,%s - Webbrowser nicht gefunden!
clientgui/hyperlink.cpp:192,"%s tried to display the web page
	%s
but couldn't find a web browser.
To fix this, set the environment variable
BROWSER to the path of your web browser,
then restart the %s.","%s versuchte die Webseite
	%s
anzuzeigen, konnte aber keinen
Webbrowser finden. Um das zu 
beheben, können Sie die Umgebungs-
variable BROWSER mit dem
Pfad zu Ihrem Browser belegen und
dann %s neu starten."
clientgui/Localization.cpp:31 clientgui/Localization.cpp:69,Message boards,Foren
clientgui/Localization.cpp:33,Correspond with other users on the SETI@home message boards,Korrespondieren Sie mit anderen Benutzern in den SETI@home Foren
clientgui/Localization.cpp:37,Ask questions and report problems,Stellen Sie Fragen und berichten Sie über Probleme
clientgui/Localization.cpp:39 clientgui/Localization.cpp:81 clientgui/Localization.cpp:111 clientgui/Localization.cpp:129,Your account,Ihr Konto
clientgui/Localization.cpp:41 clientgui/Localization.cpp:87 clientgui/Localization.cpp:113,View your account information and credit totals,Anzeigen von Kontoinformationen und Punktestand
clientgui/Localization.cpp:43,Your preferences,Ihre Einstellungen
clientgui/Localization.cpp:45,View and modify your SETI@home account profile and preferences,Anzeigen und Ändern des SETI@home Teilnehmerprofils und der Einstellungen
clientgui/Localization.cpp:47 clientgui/Localization.cpp:89,Your results,Ihre Resultate
clientgui/Localization.cpp:49 clientgui/Localization.cpp:91,View your last week (or more) of computational results and work,Anzeige der Ergebnissse und Berechnungen der letzten Woche (oder länger). 
clientgui/Localization.cpp:51 clientgui/Localization.cpp:93,Your computers,Ihre Computer
clientgui/Localization.cpp:53,View a listing of all the computers on which you are running SETI@Home,Rufen Sie eine Liste aller Computer ab auf denen Sie SETI@home ablaufen lassen.
clientgui/Localization.cpp:55 clientgui/Localization.cpp:97,Your team,Ihr Team
clientgui/Localization.cpp:57 clientgui/Localization.cpp:99,View information about your team,Sehen sie Informationen über Ihr Team
clientgui/Localization.cpp:61,Common questions,Allgemeine Fragen
clientgui/Localization.cpp:63,Read the Einstein@Home Frequently Asked Question list,"Die Einstein@home ""Häufig gestellte Fragen"" Liste."
clientgui/Localization.cpp:65,Screensaver info,Bildschirmschoner Info
clientgui/Localization.cpp:67,Read a detailed description of the Einstein@Home screensaver,Lesen Sie eine detailliere Beschreibung des Einstein@home Bildschirmschoners.
clientgui/Localization.cpp:71,Correspond with admins and other users on the Einstein@Home message boards,Korrespondieren Sie mit Administratoren und anderen Benutzern in den Einstein@home Foren
clientgui/Localization.cpp:73,Einstein status,Einstein Status
clientgui/Localization.cpp:75,Current status of the Einstein@Home server,Aktueller Status der Einstein@home Server
clientgui/Localization.cpp:77,Report problems,Probleme berichten
clientgui/Localization.cpp:79,A link to the Einstein@Home problems and bug reports message board,"Ein Link zu den Einstein@home ""Probleme und Fehlerberichte"" Foren"
clientgui/Localization.cpp:83,View and modify your Einstein@Home account profile and preferences,Anzeigen und Ändern des Einstein@home Teilnehmerprofils und der Einstellungen
clientgui/Localization.cpp:85,Account summary,Kontoübersicht
clientgui/Localization.cpp:95,View a listing of all the computers on which you are running Einstein@Home,Rufen Sie eine Liste aller Komputer ab auf denen Sie Einstein@home ablaufen lassen.
clientgui/Localization.cpp:101,LIGO project,LIGO Projekt
clientgui/Localization.cpp:103,The home page of the Laser Interferometer Gravitational-wave Observatory (LIGO) project,"Die Homepage des ""Laser Interferometer Gravitationswellen Observatorium"" (LIGO) Projektes"
clientgui/Localization.cpp:105,GEO-600 project,GEO-600 Projekt
clientgui/Localization.cpp:107,The home page of the GEO-600 project,Die Homepage des GEO-600 Projektes
clientgui/Localization.cpp:115 clientgui/Localization.cpp:133 clientgui/ViewProjects.cpp:220 clientgui/ViewProjectsBase.cpp:153 clientgui/ViewProjectsGrid.cpp:163 clientgui/ViewStatistics.cpp:411,Team,Team
clientgui/Localization.cpp:117,Info about your Team,Sehen sie Informationen über Ihr Team
clientgui/Localization.cpp:123,Get help for climateprediction.net,Hilfe für climateprediction.net
clientgui/Localization.cpp:125,News,Neuigkeiten
clientgui/Localization.cpp:127,climateprediction.net News,Neues von climateprediction.net
clientgui/Localization.cpp:131,"View your account information, credits, and trickles",Anzeigen von Kontoinformationen und Punktestand
clientgui/Localization.cpp:135,Info about your team,Sehen sie Informationen über Ihr Team
clientgui/Localization.cpp:141,Search for help in our help system,Suchen Sie nach Hilfe in unserem Hilfesystem
clientgui/Localization.cpp:143,Global Statistics,Globale Statistiken
clientgui/Localization.cpp:145,Summary statistics for World Community Grid,Projektstatistiken für World Community Grid
clientgui/Localization.cpp:147,My Grid,Mein Grid
clientgui/Localization.cpp:149,Your statistics and settings,Ihre Statistiken und Einstellungen
clientgui/Localization.cpp:151,Device Profiles,Geräteprofile
clientgui/Localization.cpp:153,Update your device settings,Aktualiseren Sie Ihre Geräteeinstellungen
clientgui/Localization.cpp:155,Research,Forschung
clientgui/Localization.cpp:157,Learn about the projects hosted at World Community Grid,Erfahren Sie mehr über die auf World Community Grid gehosteten Projekte
clientgui/MainDocument.cpp:522,Starting client services; please wait...,Starte Client-Dienste; bitte warten ...
clientgui/MainDocument.cpp:1031,Retrieving system state; please wait...,Ermittlung des BOINC-Systemstatus. Bitte etwas Geduld ...
clientgui/MainDocument.cpp:1040,Retrieving host information; please wait...,Ermittlung der BOINC-Rechner-Informationen. Bitte etwas Geduld ...
clientgui/NoInternetConnectionPage.cpp:180,No Internet connection,Keine Internetverbindung!
clientgui/NoInternetConnectionPage.cpp:183,Please connect to the Internet and try again.,Bitte starten sie Ihre Internetverbindung und versuchen es erneut!
clientgui/NotDetectedPage.cpp:182,Project not found,Projekt nicht gefunden!
clientgui/NotDetectedPage.cpp:185,"The URL you supplied is not that of a BOINC-based project.

Please check the URL and try again.","Die angegebene URL ist nicht die eines BOINC-basierten Projektes!

Bitte prüfen Sie die URL und versuchen Sie es erneut."
clientgui/NotDetectedPage.cpp:189,Account manager not found,Kontoverwaltung nicht gefunden!
clientgui/NotDetectedPage.cpp:192,"The URL you supplied is not that of a BOINC-based account
manager.

Please check the URL and try again.","Die angegebene URL ist nicht die einer BOINC-basierten Kontoverwaltung!

Bitte prüfen Sie die URL und versuchen Sie es erneut."
clientgui/NotFoundPage.cpp:182,Login Failed.,Anmeldung fehlgeschlagen.
clientgui/NotFoundPage.cpp:186,"Check the username and password, and try again.",Überprüfen Sie Kontoname und Passwort und versuchen es dann erneut.
clientgui/NotFoundPage.cpp:190,"Check the email address and password, and try again.",Bitte überprüfen Sie Emailadresse und Passwort und versuchen es dann erneut.
clientgui/ProjectInfoPage.cpp:240,Choose a project,Wähle ein Projekt
clientgui/ProjectInfoPage.cpp:243,"To choose a project, click its name or type its URL below.","Um ein Projekt zu wählen, klicke auf seinen Namen oder gebe die Projektadresse ein."
clientgui/ProjectInfoPage.cpp:246,Project &URL:,&Projektadresse:
clientgui/ProjectListCtrl.cpp:333,Click here to go to %s's website.,"Klicke hier, um auf die Webseite von %s zu gelangen."
clientgui/ProjectProcessingPage.cpp:323 clientgui/ProjectPropertiesPage.cpp:335,"Communicating with project
Please wait...","Kommunikation mit dem Projekt
Bitte warten ..."
clientgui/ProjectProcessingPage.cpp:484,"Required wizard file(s) are missing from the target server.
(lookup_account.php/create_account.php)
","Vom Assistenten benötigte Dateien fehlen auf dem Zielserver.
(lookup_account.php/create_account.php)
"
clientgui/ProxyInfoPage.cpp:196,Network communication failure,Netzwerkfehler
clientgui/ProxyInfoPage.cpp:200,"The World Community Grid - BOINC software failed to communicate
over the Internet. The most likely reasons are:

1) Connectivity problem.  Check your network or modem connection
and then click Back to try again.

2) Personal firewall software is blocking the World Community
Grid - BOINC software.  Configure your personal firewall to let
BOINC and BOINC Manager communicate on port 80 and port 443,
then click Back to try again.

3) You are using a proxy server.
Click Next to configure BOINC's proxy settings.","Die World Community Grit - BOINC Software konnte keine Verbindung über das Internet herstellen.
Die wahrscheinlichsten Gründe sind:

1) Verbindungsprobleme. Bitte prüfen Sie ihre Netzwerk- oder
Modemverbindung und klicken Sie den ""Zurück""-Knopf um die
vorherige Operation zu wiederholen.
2) Eine Personal-Firewall Software blockiert BOINC. Um
dies zu beheben muss BOINC die Kommunikation über
Port 80 und Port 443 erlaubt werden. Klicken Sie anschliessend auf
[Zurück] um es erneut zu versuchen.

3) Sie benutzen einen Proxyserver.
Klicken Sie auf [Weiter] um die BOINC Proxyeinstellungen
zu konfigurieren."
clientgui/ProxyInfoPage.cpp:217,"BOINC failed to communicate on the Internet.
The most likely reasons are:

1) Connectivity problem.  Check your network
or modem connection and then click Back to try again.

2) Personal firewall software is blocking BOINC.
Configure your personal firewall to let BOINC and
BOINC Manager communicate on port 80,
then click Back to try again.

3) You are using a proxy server.
Click Next to configure BOINC's proxy settings.","BOINC konnte keine Verbindung über das Internet herstellen.
Die wahrscheinlichsten Gründe sind:

1) Verbindungsprobleme. Bitte prüfen Sie ihre Netzwerk- oder
Modemverbindung und klicken Sie den ""Zurück""-Knopf um die
vorherige Operation zu wiederholen.
2) Eine Personal-Firewall Software blockiert BOINC. Um
dies zu beheben muss BOINC die Kommunikation über
Port 80 erlaubt werden. Klicken Sie anschliessend auf
[Zurück] um es erneut zu versuchen.

3) Sie benutzen einen Proxyserver.
Klicken Sie auf [Weiter] um die BOINC Proxyeinstellungen
zu konfigurieren."
clientgui/ProxyPage.cpp:332,Proxy configuration,Proxykonfiguration
clientgui/ProxyPage.cpp:335,HTTP proxy,HTTP Proxy
clientgui/ProxyPage.cpp:338 clientgui/ProxyPage.cpp:358,Server:,Server:
clientgui/ProxyPage.cpp:351,Autodetect,Automatische Erkennung
clientgui/ProxyPage.cpp:355,SOCKS proxy,SOCKS Proxy
clientgui/sg_BoincSimpleGUI.cpp:134,&%s,&%s
clientgui/sg_ClientStateIndicator.cpp:288,Retrieving current status.,Aktueller Status wird ermittelt.
clientgui/sg_ClientStateIndicator.cpp:291,You don't have any projects.  Please Add a Project.,Sie haben kein Projekt eingetragen. Bitte fügen Sie ein Projekt hinzu.
clientgui/sg_ClientStateIndicator.cpp:294,Downloading work from the server.,Lade neue Aufgaben vom Server.
clientgui/sg_ClientStateIndicator.cpp:299,Processing Suspended:  Running On Batteries.,Berechnungen angehalten: Batteriebetrieb.
clientgui/sg_ClientStateIndicator.cpp:301,Processing Suspended:  User Active.,Berechnungen angehalten: Benutzer ist aktiv.
clientgui/sg_ClientStateIndicator.cpp:303,Processing Suspended:  User paused processing.,Berechnungen angehalten: Angehalten durch Benutzer.
clientgui/sg_ClientStateIndicator.cpp:305,Processing Suspended:  Time of Day.,Berechnungen angehalten: Zeitbegrenzung.
clientgui/sg_ClientStateIndicator.cpp:307,Processing Suspended:  Benchmarks Running.,Berechnungen angehalten: Benchmarks laufen.
clientgui/sg_ClientStateIndicator.cpp:309,Processing Suspended.,Berechnungen angehalten.
clientgui/sg_ClientStateIndicator.cpp:313,Waiting to contact project servers.,Warte auf Kontakt zum Projektserver.
clientgui/sg_ClientStateIndicator.cpp:317 clientgui/sg_ClientStateIndicator.cpp:325,Retrieving current status,Ermittle den aktuellen Status.
clientgui/sg_ClientStateIndicator.cpp:320,No work available to process,Keine Aufgaben zu bearbeiten.
clientgui/sg_ClientStateIndicator.cpp:322,Unable to connect to the core client,Verbindung mit dem Basisclient nicht möglich.
clientgui/sg_DlgMessages.cpp:107 clientgui/ViewMessages.cpp:117 clientgui/ViewMessagesGrid.cpp:128 clientgui/ViewProjects.cpp:218 clientgui/ViewProjectsBase.cpp:151 clientgui/ViewProjectsGrid.cpp:163 clientgui/ViewStatistics.cpp:381 clientgui/ViewStatistics.cpp:1772 clientgui/ViewTransfers.cpp:181 clientgui/ViewTransfersGrid.cpp:129 clientgui/ViewWork.cpp:214 clientgui/ViewWorkGrid.cpp:146,Project,Projekt
clientgui/sg_DlgMessages.cpp:108 clientgui/ViewMessages.cpp:118 clientgui/ViewMessagesGrid.cpp:128,Time,Zeit
clientgui/sg_DlgMessages.cpp:109 clientgui/ViewMessages.cpp:119 clientgui/ViewMessagesGrid.cpp:128,Message,Meldung
clientgui/sg_DlgMessages.cpp:177 clientgui/sg_DlgMessages.cpp:181 clientgui/ViewMessages.cpp:89 clientgui/ViewMessagesGrid.cpp:102,Copy all the messages to the clipboard.,Kopiert alle Meldungen in die Zwischenablage.
clientgui/sg_DlgMessages.cpp:202 clientgui/sg_DlgMessages.cpp:210 clientgui/ViewMessages.cpp:97 clientgui/ViewMessagesGrid.cpp:110,Copy the selected messages to the clipboard. You can select multiple messages by holding down the shift or command key while clicking on messages.,"Kopiert alle ausgewählten (markierten) Meldungen in die Zwischenablage.
Durch Drücken und Halten der Umschalt- oder Strg-Taste können Sie 
mehrere Meldungen gleichzeitig markieren."
clientgui/sg_DlgMessages.cpp:204 clientgui/sg_DlgMessages.cpp:212 clientgui/ViewMessages.cpp:99 clientgui/ViewMessagesGrid.cpp:112,Copy the selected messages to the clipboard. You can select multiple messages by holding down the shift or control key while clicking on messages.,"Kopiert alle ausgewählten (markierten) Meldungen in die Zwischenablage.
Durch Drücken und Halten der Umschalt- oder Strg-Taste können Sie 
mehrere Meldungen gleichzeitig markieren."
clientgui/sg_DlgMessages.cpp:252 clientgui/sg_DlgPreferences.cpp:509 clientgui/sg_ProjectsComponent.cpp:141,Get help with BOINC,Hilfe für BOINC erhalten
clientgui/sg_DlgMessages.cpp:755,%s - Messages,%s - Meldungen
clientgui/sg_DlgPreferences.cpp:95,100 MB,100 MB
clientgui/sg_DlgPreferences.cpp:96,200 MB,200 MB
clientgui/sg_DlgPreferences.cpp:97,500 MB,500 MB
clientgui/sg_DlgPreferences.cpp:98,1 GB,1 GB
clientgui/sg_DlgPreferences.cpp:99,2 GB,2 GB
clientgui/sg_DlgPreferences.cpp:100,5 GB,5 GB
clientgui/sg_DlgPreferences.cpp:101,10 GB,10 GB
clientgui/sg_DlgPreferences.cpp:102,20 GB,20 GB
clientgui/sg_DlgPreferences.cpp:103,50 GB,50 GB
clientgui/sg_DlgPreferences.cpp:104,100 GB,100 GB
clientgui/sg_DlgPreferences.cpp:135,10%,10%
clientgui/sg_DlgPreferences.cpp:136,20%,20%
clientgui/sg_DlgPreferences.cpp:137,30%,30%
clientgui/sg_DlgPreferences.cpp:138,40%,40%
clientgui/sg_DlgPreferences.cpp:139,50%,50%
clientgui/sg_DlgPreferences.cpp:140,60%,60%
clientgui/sg_DlgPreferences.cpp:141,70%,70%
clientgui/sg_DlgPreferences.cpp:142,80%,80%
clientgui/sg_DlgPreferences.cpp:143,90%,90%
clientgui/sg_DlgPreferences.cpp:144,100%,100%
clientgui/sg_DlgPreferences.cpp:169,1,1
clientgui/sg_DlgPreferences.cpp:170,3,3
clientgui/sg_DlgPreferences.cpp:171,5,5
clientgui/sg_DlgPreferences.cpp:172,10,10
clientgui/sg_DlgPreferences.cpp:173,15,15
clientgui/sg_DlgPreferences.cpp:174,30,30
clientgui/sg_DlgPreferences.cpp:175,60,60
clientgui/sg_DlgPreferences.cpp:284,Skin,Skin
clientgui/sg_DlgPreferences.cpp:291,Skin:,Skin:
clientgui/sg_DlgPreferences.cpp:307,Preferences,Einstellungen
clientgui/sg_DlgPreferences.cpp:324,I want to customize my preferences for this computer only.,Ich möchte diesen Computer unabhängig von der Projektwebseite konfigurieren.
clientgui/sg_DlgPreferences.cpp:333,Customized Preferences,Aktuelle Konfiguration:
clientgui/sg_DlgPreferences.cpp:349,Do work only between:,Arbeite nur zwischen:
clientgui/sg_DlgPreferences.cpp:371,Connect to internet only between:,Verbinde mit dem Internet nur zwischen:
clientgui/sg_DlgPreferences.cpp:393 clientgui/sg_DlgPreferences.cpp:410,Use no more than:,Nutze nicht mehr als:
clientgui/sg_DlgPreferences.cpp:406,of disk space,Festplattenplatz
clientgui/sg_DlgPreferences.cpp:423,of the processor,Prozessorleistung
clientgui/sg_DlgPreferences.cpp:427,Do work while on battery?,Arbeiten im Batteriebetrieb?
clientgui/sg_DlgPreferences.cpp:440,Do work after idle for:,Arbeiten beginnen nach Leerlauf von:
clientgui/sg_DlgPreferences.cpp:679 clientgui/sg_DlgPreferences.cpp:682 clientgui/sg_DlgPreferences.cpp:750 clientgui/sg_DlgPreferences.cpp:754 clientgui/sg_DlgPreferences.cpp:766 clientgui/sg_DlgPreferences.cpp:770 clientgui/sg_DlgPreferences.cpp:928 clientgui/sg_DlgPreferences.cpp:939,Anytime,Jederzeit
clientgui/sg_DlgPreferences.cpp:786,%d MB,%d MB
clientgui/sg_DlgPreferences.cpp:788,%4.2f GB,%4.2f GB
clientgui/sg_DlgPreferences.cpp:829,%d%%,%d%%
clientgui/sg_DlgPreferences.cpp:865,0 (Run Always),0 (Immer ausführen)
clientgui/sg_DlgPreferences.cpp:868,%d,%d
clientgui/sg_ImageButton.cpp:90,Paused: Other work running,Angehalten: andere Aufgabe aktiv
clientgui/sg_ImageButton.cpp:92,Paused: User initiatied.  Click 'Resume' to continue,Angehalten: vom Nutzer veranlaßt. Klick 'Wiederaufnehmen' zum Fortsetzen
clientgui/sg_ImageButton.cpp:94,Paused: User active,Angehalten: Nutzer aktiv
clientgui/sg_ImageButton.cpp:96,Paused: Computer on battery,Angehalten: Batteriebetrieb
clientgui/sg_ImageButton.cpp:98,Paused: Time of Day,Angehalten: Tageszeitbegrenzung
clientgui/sg_ImageButton.cpp:100,Paused: Benchmarks running,Angehalten: Benchmark läuft
clientgui/sg_ImageButton.cpp:102,Paused,Angehalten
clientgui/sg_ImageButton.cpp:104,Paused: Application start delayed,Angehalten: Anwendungsstart verzögert
clientgui/sg_ImageButton.cpp:132,Click to show project graphics,Klicken zur Anzeige der Projektgraphik
clientgui/sg_ProjectsComponent.cpp:106,Attach to an additional project,Bei einem weiteren Projekt anmelden.
clientgui/sg_ProjectsComponent.cpp:123,Synchronize projects with account manager system,Synchronisiere Projekt mit der Kontoverwaltung
clientgui/sg_ProjectsComponent.cpp:194 clientgui/sg_ProjectsComponent.cpp:205,Open a window to view messages,Öffnet ein Fenster um Nachrichten der Anwendungen und des BOINC Clients anzuzeigen.
clientgui/sg_ProjectsComponent.cpp:223,Stop all activity,Alle Aktivitäten anhalten.
clientgui/sg_ProjectsComponent.cpp:235,Resume activity,Aktivitäten wieder aufnehmen.
clientgui/sg_ProjectsComponent.cpp:252,Open a window to set your preferences,Öffnet ein Fenster um Ihre Einstellungen zu zeigen oder zu ändern.
clientgui/sg_ProjectsComponent.cpp:269,Switch to the BOINC advanced view,Schaltet auf die erweiterte BOINC-Grafikoberfläche um.
clientgui/sg_ProjectsComponent.cpp:296,My Projects:,Meine Projekte:
clientgui/sg_StatImageLoader.cpp:101,%s. Work done by %s: %0.2f,%s. Guthaben für %s: %0.2f
clientgui/sg_StatImageLoader.cpp:153,Remove Project,Projekt entfernen
clientgui/sg_StatImageLoader.cpp:216 clientgui/ViewProjects.cpp:490 clientgui/ViewProjectsBase.cpp:343 clientgui/ViewProjectsGrid.cpp:418,Are you sure you want to detach from project '%s'?,Wollen Sie dieses Projekt '%s' wirklich von diesem Rechner entfernen?
clientgui/sg_StatImageLoader.cpp:222 clientgui/ViewProjects.cpp:496 clientgui/ViewProjectsBase.cpp:349 clientgui/ViewProjectsGrid.cpp:424,Detach from Project,Abmelden
clientgui/sg_ViewTabPage.cpp:138 clientgui/sg_ViewTabPage.cpp:278,%.1lf,%.1lf
clientgui/sg_ViewTabPage.cpp:407,%d hr %d min %d sec,%d Std %d Min %d Sek
clientgui/sg_ViewTabPage.cpp:421 clientgui/ViewWork.cpp:354 clientgui/ViewWorkGrid.cpp:258,Are you sure you want to display graphics on a remote machine?,Wollen Sie wirklich die Grafikanzeige auf einem entfernten Rechner starten?
clientgui/sg_ViewTabPage.cpp:422 clientgui/ViewWork.cpp:183 clientgui/ViewWork.cpp:355 clientgui/ViewWorkGrid.cpp:114 clientgui/ViewWorkGrid.cpp:259,Show graphics,Grafik anzeigen
clientgui/sg_ViewTabPage.cpp:444,Application: ,Anwendung:
clientgui/sg_ViewTabPage.cpp:447 clientgui/sg_ViewTabPage.cpp:451,Time Remaining: ,Verbleibende Zeit:
clientgui/sg_ViewTabPage.cpp:450,Elapsed Time: ,Vergangene Zeit:
clientgui/TermsOfUsePage.cpp:213,Terms of Use,Nutzungsbedingungen
clientgui/TermsOfUsePage.cpp:217,Please read the following terms of use:,Bitte lesen Sie die folgenden Nutzungsbedingungen:
clientgui/TermsOfUsePage.cpp:226,I agree to the terms of use.,Ich stimme den Nutzungsbedingungen zu.
clientgui/TermsOfUsePage.cpp:232,I do not agree with the terms of use.,Ich stimme den Nutzungsbedingungen nicht zu.
clientgui/UnavailablePage.cpp:184,Project temporarily unavailable,Projekt ist vorübergehend nicht erreichbar
clientgui/UnavailablePage.cpp:187,"The project is temporarily unavailable.

Please try again later.","Das Projekt ist vorübergehend nicht zu erreichen.

Bitte versuchen Sie es später nochmal."
clientgui/UnavailablePage.cpp:191,Account manager temporarily unavailable,Die Kontoverwaltung ist vorübergehend nicht zu erreichen.
clientgui/UnavailablePage.cpp:194,"The account manager is temporarily unavailable.

Please try again later.","Die Kontoverwaltung ist vorübergehend nicht zu erreichen.

Bitte versuchen Sie es später nochmal."
clientgui/ValidateAccountKey.cpp:68,Please specify an account key to continue.,Bitte geben Sie einen Kontoschlüssel ein um fortzufahren.
clientgui/ValidateAccountKey.cpp:71,Invalid Account Key; please enter a valid Account Key,Unzulässiger oder fehlender Kontoschlüssel (Account Key); bitte geben Sie einen gültigen Schlüssel ein.
clientgui/ValidateAccountKey.cpp:82 clientgui/ValidateEmailAddress.cpp:86,Validation conflict,Überprüfungskonflikt
clientgui/ValidateEmailAddress.cpp:72,Please specify an email address,Bitte geben Sie eine Emailadresse ein.
clientgui/ValidateEmailAddress.cpp:75,Invalid email address; please enter a valid email address,Unzulässige Emailadresse; bitte geben Sie eine gültige Emailadresse ein.
clientgui/ValidateURL.cpp:69,Missing URL,Fehlende URL
clientgui/ValidateURL.cpp:70,"Please specify a URL.
For example:
http://www.example.com/","Bitte geben sie eine URL ein.
Zum Beispiel:
http://example.com"
clientgui/ValidateURL.cpp:83 clientgui/ValidateURL.cpp:87 clientgui/ValidateURL.cpp:91 clientgui/ValidateURL.cpp:103 clientgui/ValidateURL.cpp:107 clientgui/ValidateURL.cpp:110,Invalid URL,Falsche URL
clientgui/ValidateURL.cpp:84 clientgui/ValidateURL.cpp:88 clientgui/ValidateURL.cpp:92,"Please specify a valid URL.
For example:
http://boincproject.example.com","Bitte geben Sie eine gültige Internetadresse ein.
Zum Beispiel:
http://boincproject.example.com"
clientgui/ValidateURL.cpp:104 clientgui/ValidateURL.cpp:108,\'%s' does not contain a valid host name.,\'%s' Enthält keinen zulässigen Rechnernamen.
clientgui/ValidateURL.cpp:111,\'%s' does not contain a valid path.,\'%s' enhält keine zulässige Pfadangabe.
clientgui/ViewMessages.cpp:84 clientgui/ViewMessagesGrid.cpp:97 clientgui/ViewProjects.cpp:169 clientgui/ViewProjectsBase.cpp:103 clientgui/ViewProjectsGrid.cpp:116 clientgui/ViewStatistics.cpp:1741 clientgui/ViewTransfers.cpp:159 clientgui/ViewTransfersGrid.cpp:102 clientgui/ViewWork.cpp:179 clientgui/ViewWorkGrid.cpp:110,Commands,Befehle
clientgui/ViewMessages.cpp:88 clientgui/ViewMessagesGrid.cpp:101,Copy all messages,Alles kopieren
clientgui/ViewMessages.cpp:95 clientgui/ViewMessagesGrid.cpp:108,Copy selected messages,Auswahl kopieren
clientgui/ViewMessages.cpp:106 clientgui/ViewMessages.cpp:480,Show only this project,Zeige nur dieses Projekt
clientgui/ViewMessages.cpp:107 clientgui/ViewMessages.cpp:481,Show only the messages for the selected project.,Zeigt nur die Meldungen für dieses Projekt.
clientgui/ViewMessages.cpp:158 clientgui/ViewMessages.cpp:164 clientgui/ViewMessagesGrid.cpp:157,Messages,Meldungen
clientgui/ViewMessages.cpp:187 clientgui/ViewMessagesGrid.cpp:179,Copying all messages to the clipboard...,Kopiert alle Meldungen in die Zwischenablage.
clientgui/ViewMessages.cpp:219,Copying selected messages to the clipboard...,Kopiere ausgewählte Meldungen in die Zwischenablage ...
clientgui/ViewMessages.cpp:264,Filtering messages...,Filtere Meldungen ...
clientgui/ViewMessages.cpp:472,Show all messages,Zeige alle Meldungen
clientgui/ViewMessages.cpp:473,Show messages for all projects.,Zeige Meldungen für alle Projekte.
clientgui/ViewMessagesGrid.cpp:128,ID,Id
clientgui/ViewMessagesGrid.cpp:128,Priority,Priorität:
clientgui/ViewMessagesGrid.cpp:151,MessagesGrid,Meldungsgitter
clientgui/ViewMessagesGrid.cpp:209,Copying selected messages to Clipboard...,Kopiere ausgewählte Meldungen in die Zwischenablage...
clientgui/ViewMessagesGrid.cpp:396,Info,Info
clientgui/ViewMessagesGrid.cpp:399,Warning,Warnung
clientgui/ViewMessagesGrid.cpp:403,Error,Fehler
clientgui/ViewProjects.cpp:173 clientgui/ViewProjectsBase.cpp:107 clientgui/ViewProjectsGrid.cpp:120,Update,Aktualisieren
clientgui/ViewProjects.cpp:174 clientgui/ViewProjectsBase.cpp:108 clientgui/ViewProjectsGrid.cpp:121,"Report all completed tasks, get latest credit, get latest preferences, and possibly get more tasks.","Berichtet über alle fertig gestellten Aufgaben des ausgewählten (markierten) Projekts, holt die letzten Statistiken und erhält eventuell mehr Aufgaben."
clientgui/ViewProjects.cpp:180 clientgui/ViewProjects.cpp:706 clientgui/ViewProjectsBase.cpp:115 clientgui/ViewProjectsBase.cpp:560 clientgui/ViewProjectsGrid.cpp:127 clientgui/ViewProjectsGrid.cpp:560 clientgui/ViewWork.cpp:190 clientgui/ViewWork.cpp:641 clientgui/ViewWorkGrid.cpp:121 clientgui/ViewWorkGrid.cpp:450,Suspend,Anhalten
clientgui/ViewProjects.cpp:181 clientgui/ViewProjects.cpp:706 clientgui/ViewProjectsBase.cpp:116 clientgui/ViewProjectsBase.cpp:560 clientgui/ViewProjectsGrid.cpp:128 clientgui/ViewProjectsGrid.cpp:560,Suspend tasks for this project.,Unterbricht zeitweilig die Arbeit an dem ausgewählten (markierten) Projekt.
clientgui/ViewProjects.cpp:187 clientgui/ViewProjects.cpp:725 clientgui/ViewProjectsBase.cpp:122 clientgui/ViewProjectsBase.cpp:572 clientgui/ViewProjectsGrid.cpp:134 clientgui/ViewProjectsGrid.cpp:579,No new tasks,Keine neue Aufgabe
clientgui/ViewProjects.cpp:188 clientgui/ViewProjectsBase.cpp:123 clientgui/ViewProjectsGrid.cpp:135,Don't get new tasks for this project.,Fordert keine neuen Aufgaben für das ausgewählte (markierte) Projekt mehr an.
clientgui/ViewProjects.cpp:194 clientgui/ViewProjectsBase.cpp:129 clientgui/ViewProjectsGrid.cpp:141,Reset project,Zurücksetzen
clientgui/ViewProjects.cpp:195 clientgui/ViewProjectsBase.cpp:130 clientgui/ViewProjectsGrid.cpp:142,"Delete all files and tasks associated with this project, and get new tasks.  You can update the project first to report any completed tasks.","Entfernt alle Arbeitspakete und Anwendungen des ausgewählten
(markierten) Projekts von diesem Computer. Sie sollten das Projekt
vorher aktualisieren um alle erledigten Aufgaben dem Server zu
melden."
clientgui/ViewProjects.cpp:201 clientgui/ViewProjectsBase.cpp:139 clientgui/ViewProjectsGrid.cpp:148,Detach,Abmelden
clientgui/ViewProjects.cpp:202 clientgui/ViewProjectsBase.cpp:140 clientgui/ViewProjectsGrid.cpp:149,Detach computer from this project.  Tasks in progress will be lost (use 'Update' first to report any completed tasks).,"Entfernt das ausgewählte (markierte) Projekt von diesem Computer. Sie
sollten vorher das Projekt aktualisieren um alle erledigten Aufgaben
dem Server zu melden."
clientgui/ViewProjects.cpp:208 clientgui/ViewWork.cpp:204,Properties,Eigenschaften
clientgui/ViewProjects.cpp:209,Show project details.,Zeige Projekt-Details.
clientgui/ViewProjects.cpp:219 clientgui/ViewProjectsBase.cpp:152 clientgui/ViewProjectsGrid.cpp:163 clientgui/ViewStatistics.cpp:396,Account,Konto
clientgui/ViewProjects.cpp:221 clientgui/ViewProjectsBase.cpp:154 clientgui/ViewProjectsGrid.cpp:163,Work done,Arbeit getan
clientgui/ViewProjects.cpp:222 clientgui/ViewProjectsBase.cpp:155 clientgui/ViewProjectsGrid.cpp:164,Avg. work done,Durchschn. geleistete Arbeit
clientgui/ViewProjects.cpp:224 clientgui/ViewProjectsBase.cpp:157 clientgui/ViewProjectsGrid.cpp:164 clientgui/ViewTransfers.cpp:187 clientgui/ViewTransfersGrid.cpp:130 clientgui/ViewWork.cpp:221 clientgui/ViewWorkGrid.cpp:148,Status,Status
clientgui/ViewProjects.cpp:243 clientgui/ViewProjects.cpp:249 clientgui/ViewProjectsBase.cpp:170 clientgui/ViewProjectsBase.cpp:176 clientgui/ViewProjectsGrid.cpp:199,Projects,Projekte
clientgui/ViewProjects.cpp:296 clientgui/ViewProjectsBase.cpp:197 clientgui/ViewProjectsGrid.cpp:223,Updating project...,Projekt wird aktualisiert ...
clientgui/ViewProjects.cpp:338 clientgui/ViewProjectsBase.cpp:224 clientgui/ViewProjectsGrid.cpp:271,Resuming project...,Projekt wird fortgesetzt ...
clientgui/ViewProjects.cpp:342 clientgui/ViewProjectsBase.cpp:228 clientgui/ViewProjectsGrid.cpp:274,Suspending project...,Projekt wird angehalten
clientgui/ViewProjects.cpp:379 clientgui/ViewProjectsBase.cpp:255 clientgui/ViewProjectsGrid.cpp:315,Telling project to allow additional task downloads...,Erlaubt dem Projekt neue Aufgaben anzufordern.
clientgui/ViewProjects.cpp:383 clientgui/ViewProjectsBase.cpp:259 clientgui/ViewProjectsGrid.cpp:318,Telling project to not fetch any additional tasks...,Verbietet dem Projekt neue Aufgaben anzufordern.
clientgui/ViewProjects.cpp:419 clientgui/ViewProjectsBase.cpp:291 clientgui/ViewProjectsGrid.cpp:354,Resetting project...,Projekt wird zurückgesetzt ...
clientgui/ViewProjects.cpp:432 clientgui/ViewProjectsBase.cpp:296 clientgui/ViewProjectsGrid.cpp:363,Are you sure you want to reset project '%s'?,Wollen Sie dieses Projekt '%s' wirklich zurücksetzen?
clientgui/ViewProjects.cpp:438 clientgui/ViewProjectsBase.cpp:302 clientgui/ViewProjectsGrid.cpp:369,Reset Project,Projekt zurücksetzen
clientgui/ViewProjects.cpp:477 clientgui/ViewProjectsBase.cpp:338 clientgui/ViewProjectsGrid.cpp:409,Detaching from project...,Projekt wird abgemeldet ...
clientgui/ViewProjects.cpp:537 clientgui/ViewProjectsBase.cpp:376 clientgui/ViewProjectsGrid.cpp:453 clientgui/ViewWork.cpp:475 clientgui/ViewWorkGrid.cpp:367,Launching browser...,Webbrowser wird gestartet ...
clientgui/ViewProjects.cpp:702 clientgui/ViewProjectsBase.cpp:556 clientgui/ViewProjectsGrid.cpp:556 clientgui/ViewWork.cpp:635 clientgui/ViewWorkGrid.cpp:444,Resume,Fortsetzen
clientgui/ViewProjects.cpp:702 clientgui/ViewProjectsBase.cpp:556 clientgui/ViewProjectsGrid.cpp:556,Resume tasks for this project.,Setzt die unterbrochene Arbeit an dem ausgewählten (markierten) Projekt fort.
clientgui/ViewProjects.cpp:721 clientgui/ViewProjectsBase.cpp:568 clientgui/ViewProjectsGrid.cpp:575,Allow new tasks,Neue Aufgaben zulassen
clientgui/ViewProjects.cpp:721 clientgui/ViewProjectsBase.cpp:568 clientgui/ViewProjectsGrid.cpp:575,Allow fetching new tasks for this project.,Erlaubt das Anfordern von neuen Aufgaben für das ausgewählte (markierte) Projekt.
clientgui/ViewProjects.cpp:725 clientgui/ViewProjectsBase.cpp:572 clientgui/ViewProjectsGrid.cpp:579,Don't fetch new tasks for this project.,Fordert keine neuen Aufgaben für das ausgewählte (markierte) Projekt mehr an.
clientgui/ViewProjects.cpp:1051 clientgui/ViewProjectsBase.cpp:674 clientgui/ViewProjectsGrid.cpp:728,Suspended by user,Angehalten durch Benutzer
clientgui/ViewProjects.cpp:1054 clientgui/ViewProjectsBase.cpp:677 clientgui/ViewProjectsGrid.cpp:731,Won't get new tasks,Erhält keine neue Aufgaben
clientgui/ViewProjects.cpp:1057 clientgui/ViewProjectsBase.cpp:680 clientgui/ViewProjectsGrid.cpp:734,Project ended - OK to detach,Projekt beendet - OK für Abmelden
clientgui/ViewProjects.cpp:1060 clientgui/ViewProjectsBase.cpp:683 clientgui/ViewProjectsGrid.cpp:737,Will detach when tasks done,"Abmelden, sobald Aufgaben erledigt sind"
clientgui/ViewProjects.cpp:1063 clientgui/ViewProjectsBase.cpp:686 clientgui/ViewProjectsGrid.cpp:740,Scheduler request pending,Wartende Scheduleranfrage
clientgui/ViewProjects.cpp:1067 clientgui/ViewProjectsBase.cpp:690 clientgui/ViewProjectsGrid.cpp:744,Scheduler request in progress,Laufende Scheduleranfrage
clientgui/ViewProjects.cpp:1073 clientgui/ViewProjectsBase.cpp:696 clientgui/ViewProjectsGrid.cpp:750,Communication deferred ,Kommunikation verzögert um 
clientgui/ViewProjectsGrid.cpp:193,ProjectsGrid,Projektgitter
clientgui/ViewResources.cpp:61,Total disk usage,Festplattennutzung gesamt
clientgui/ViewResources.cpp:71,Disk usage by BOINC projects,Festplattennutzung durch BOINC-Projekte
clientgui/ViewResources.cpp:90 clientgui/ViewResources.cpp:96,Disk,Festplatte
clientgui/ViewResources.cpp:220,not attached to any BOINC project: 0 bytes,Nicht mit einem BOINC-Projekt verbunden - 0 Bytes.
clientgui/ViewResources.cpp:256,used by BOINC: ,Von BOINC belegt: 
clientgui/ViewResources.cpp:266,"free, available to BOINC: ","Frei, für BOINC verfügbar:"
clientgui/ViewResources.cpp:276,"free, not available to BOINC: ","Frei, nicht für BOINC verfügbar:"
clientgui/ViewResources.cpp:286,free: ,Frei:
clientgui/ViewResources.cpp:296,used by other programs: ,Anderweitig belegt: 
clientgui/ViewStatistics.cpp:1142,User Total,Benutzer Gesamt
clientgui/ViewStatistics.cpp:1143,User Average,Benutzer Durchschnitt
clientgui/ViewStatistics.cpp:1144,Host Total,Rechner Gesamt
clientgui/ViewStatistics.cpp:1145,Host Average,Rechner Durchschnitt
clientgui/ViewStatistics.cpp:1283,Last update: %.0f days ago,Letztes Update: Vor %.0f Tagen.
clientgui/ViewStatistics.cpp:1745,Show user total,Benutzer Gesamt
clientgui/ViewStatistics.cpp:1746,Show total credit for user,Gesamtpunktzahl des Teilnehmers anzeigen
clientgui/ViewStatistics.cpp:1752,Show user average,Benutzer Durchschnitt
clientgui/ViewStatistics.cpp:1753,Show average credit for user,Durchschnittliche Punktzahl des Teilnehmers Anzeigen
clientgui/ViewStatistics.cpp:1759,Show host total,Rechner Gesamt
clientgui/ViewStatistics.cpp:1760,Show total credit for host,Gesamtpunktzahl für den Computer anzeigen
clientgui/ViewStatistics.cpp:1766,Show host average,Rechner Durchschnitt
clientgui/ViewStatistics.cpp:1767,Show average credit for host,Durchschnittliche Punktzahl für den Computer anzeigen
clientgui/ViewStatistics.cpp:1776,< &Previous project,< &Vorheriges Projekt
clientgui/ViewStatistics.cpp:1777,Show chart for previous project,Zeige Grafik für das vorherige Projekt
clientgui/ViewStatistics.cpp:1782,&Next project >,&Nächstes Projekt >
clientgui/ViewStatistics.cpp:1783,Show chart for next project,Grafik für das nächste Projekt anzeigen
clientgui/ViewStatistics.cpp:1788,Mode view,Ansicht
clientgui/ViewStatistics.cpp:1791,All projects,Alle Projekte
clientgui/ViewStatistics.cpp:1792,"Show all projects, one chart per project","Alle Projekte anzeigen, eine Grafik je Projekt"
clientgui/ViewStatistics.cpp:1798,One project,Ein Projekt
clientgui/ViewStatistics.cpp:1799,Show one chart with selected project,Eine Grafik mit dem ausgewählten Projekt anzeigen
clientgui/ViewStatistics.cpp:1805,All projects(sum),Alle Projekte (Summe)
clientgui/ViewStatistics.cpp:1806,Show one chart with all projects,Eine Grafik mit allen Projekten anzeigen
clientgui/ViewStatistics.cpp:1821 clientgui/ViewStatistics.cpp:1826,Statistics,Statistik
clientgui/ViewStatistics.cpp:1846 clientgui/ViewStatistics.cpp:1867 clientgui/ViewStatistics.cpp:1888 clientgui/ViewStatistics.cpp:1910 clientgui/ViewStatistics.cpp:1931 clientgui/ViewStatistics.cpp:1952 clientgui/ViewStatistics.cpp:1973 clientgui/ViewStatistics.cpp:1994 clientgui/ViewStatistics.cpp:2017,Updating charts...,Charts werden aktualisiert
clientgui/ViewTransfers.cpp:163 clientgui/ViewTransfersGrid.cpp:106,Retry Now,Jetzt nochmal versuchen
clientgui/ViewTransfers.cpp:164 clientgui/ViewTransfersGrid.cpp:107,Click 'Retry now' to transfer the file now,Startet die Übertragung der ausgewählte (markierte) Datei erneut.
clientgui/ViewTransfers.cpp:170 clientgui/ViewTransfersGrid.cpp:113,Abort Transfer,Abbrechen
clientgui/ViewTransfers.cpp:171 clientgui/ViewTransfersGrid.cpp:114,Click 'Abort transfer' to delete the file from the transfer queue. This will prevent you from being granted credit for this result.,Entfernt die ausgewählte (markierte) Übertragung (dauerhaft) aus der Auftragsliste. Dies verhindert dass Sie für dies Resultat Cobblestones angerechnet bekommen.
clientgui/ViewTransfers.cpp:182 clientgui/ViewTransfersGrid.cpp:129,File,Datei
clientgui/ViewTransfers.cpp:183 clientgui/ViewTransfersGrid.cpp:129 clientgui/ViewWork.cpp:218 clientgui/ViewWorkGrid.cpp:147,Progress,Fortschritt
clientgui/ViewTransfers.cpp:184 clientgui/ViewTransfersGrid.cpp:129,Size,Grösse
clientgui/ViewTransfers.cpp:185 clientgui/ViewTransfersGrid.cpp:130,Elapsed Time,Restzeit
clientgui/ViewTransfers.cpp:186 clientgui/ViewTransfersGrid.cpp:130,Speed,Geschwindigkeit
clientgui/ViewTransfers.cpp:206 clientgui/ViewTransfers.cpp:212 clientgui/ViewTransfersGrid.cpp:167,Transfers,Übertragung
clientgui/ViewTransfers.cpp:271 clientgui/ViewTransfersGrid.cpp:190,Retrying transfer now...,Übertragung wird jetzt wiederholt ...
clientgui/ViewTransfers.cpp:309,Aborting transfer...,Übertragung wird abgebrochen ...
clientgui/ViewTransfers.cpp:322,"Are you sure you want to abort this file transfer '%s'?
NOTE: Aborting a transfer will invalidate a task and you
will not receive credit for it.","Sind Sie sicher dass Sie die Dateiübertragung ""%s"" abbrechen wollen?
Achtung: Das Abbrechen der Übertragung macht diese ungültig
und Sie werden keine Punkte dafür bekommen."
clientgui/ViewTransfers.cpp:328,Abort File Transfer,Dateiübertragug abbrechen
clientgui/ViewTransfers.cpp:750 clientgui/ViewTransfersGrid.cpp:419,Retry in ,Wiederhole in
clientgui/ViewTransfers.cpp:762 clientgui/ViewTransfersGrid.cpp:431,Upload pending,Hochladen pausiert
clientgui/ViewTransfers.cpp:762 clientgui/ViewTransfersGrid.cpp:431,Download pending,Herunterladen pausiert
clientgui/ViewTransfersGrid.cpp:161,TransfersGrid,Übertragungsgitter
clientgui/ViewTransfersGrid.cpp:228,Aborting transfer(s)...,Übertragung wird abgebrochen ...
clientgui/ViewTransfersGrid.cpp:230,"Are you sure you want to abort this file(s) transfer ?
NOTE: Aborting a transfer will invalidate a task and you
will not receive credit for it.","Sind Sie sicher, dass Sie die Dateiübertragung abbrechen wollen?
Achtung: Das Abbrechen der Übertragung macht die Aufgabe ungültig
und Sie werden keine Punkte dafür bekommen."
clientgui/ViewTransfersGrid.cpp:231,Abort File Transfer(s),Dateiübertragug abbrechen
clientgui/ViewWork.cpp:184 clientgui/ViewWorkGrid.cpp:115,Show application graphics in a window.,"Zeigt die Anwendungsgrafik der ausgewählten (markierten), aktiven Berechnung in einem Fenster."
clientgui/ViewWork.cpp:191 clientgui/ViewWorkGrid.cpp:122,Suspend work for this result.,Unterbricht die Arbeit an der ausgewählten (markierten) Berechnung.
clientgui/ViewWork.cpp:197 clientgui/ViewWorkGrid.cpp:128,Abort,Abbrechen
clientgui/ViewWork.cpp:198 clientgui/ViewWorkGrid.cpp:129,Abandon work on the result. You will get no credit for it.,Bricht die Arbeit an der ausgewählten (markierten) Berechnung dauerhaft ab. Diese zählt dann auch nicht mehr für die Statistik. Das kann nicht rückgängig gemacht werden. 
clientgui/ViewWork.cpp:205,Show task details.,Zeige Aufgabendetails.
clientgui/ViewWork.cpp:216 clientgui/ViewWorkGrid.cpp:146,Name,Name
clientgui/ViewWork.cpp:219 clientgui/ViewWorkGrid.cpp:147,To completion,Verbleibende Zeit
clientgui/ViewWork.cpp:240 clientgui/ViewWork.cpp:246 clientgui/ViewWorkGrid.cpp:190,Tasks,Aufgaben
clientgui/ViewWork.cpp:315 clientgui/ViewWorkGrid.cpp:220,Resuming task...,Aufgabe wird fortgesetzt ...
clientgui/ViewWork.cpp:318 clientgui/ViewWorkGrid.cpp:223,Suspending task...,Aufgabe wird angehalten ...
clientgui/ViewWork.cpp:346 clientgui/ViewWorkGrid.cpp:251,Showing graphics for task...,Zeigt die Grafik für Aufgabe ...
clientgui/ViewWork.cpp:408 clientgui/ViewWorkGrid.cpp:313,Aborting result...,Berechnung wird abgebrochen ...
clientgui/ViewWork.cpp:421,"Are you sure you want to abort this task '%s'?
(Progress: %s, Status: %s)","Wollen Sie die Aufgabe '%s' wirklich abbrechen?
(Fortscshritt: %s, Status: %s)"
clientgui/ViewWork.cpp:429 clientgui/ViewWorkGrid.cpp:335,Abort task,Abbrechen
clientgui/ViewWork.cpp:636 clientgui/ViewWorkGrid.cpp:445,Resume work for this task.,Berechnung für diese Auffgabe wiederaufnehmen.
clientgui/ViewWork.cpp:642 clientgui/ViewWorkGrid.cpp:451,Suspend work for this task.,Unterbricht die Arbeit an der ausgewählten (markierte) Aufgabe.
clientgui/ViewWork.cpp:1055, - an exclusive app is running,\- Eine Anwendung läuft exklusiv.
clientgui/ViewWork.cpp:1074 clientgui/ViewWorkGrid.cpp:822, (non-CPU-intensive),(nicht CPU-intensiv)
clientgui/ViewWorkGrid.cpp:184,TasksGrid,Aufgabengitter
clientgui/ViewWorkGrid.cpp:327,"Are you sure you want to abort this task '%s'?
(Progress: %s %%, Status: %s)","Wollen Sie die Aufgabe '%s' wirklich abbrechen?
(Fortscshritt: %s %%, Status: %s)"
clientgui/WelcomePage.cpp:222,Change Research Applications at World Community Grid,Wissenschaftliche Anwendungen bei World Community Grid umstellen.
clientgui/WelcomePage.cpp:336,"If possible, add projects at the
%s web site.

Projects added via this wizard will not be
listed on or managed via %s.","Wenn möglich, nehmen Sie Projekte auf der
 %s-Webseite auf.

Projekte, die mit diesem Assistenten aufgenommen werden, werden nicht
gelistet von oder verwaltet mittels %s."
clientgui/WelcomePage.cpp:350,"We'll now guide you through the process of attaching
to a project.",Sie werden nun durch den Prozess der Projektanmeldung geführt.
clientgui/WelcomePage.cpp:355,"You have selected to attach to a new BOINC project.  Attaching to a new
project means that you will be connecting your computer to a new website
and organization.  If this is what you wanted to do, then please click on
the 'Next' button below.

Some projects like World Community Grid run multiple research applications.
If you want to change which research applications are sent to your computer
to run, then you should visit the project's website and modify your
preferences there.

To change which research applications are sent to you from
World Community Grid then please click on the following button:","Sie wollen ein neues BOINC-Projekt anmelden. Das bedeutet dass Sie Ihren Computer mit einer neuen Webseite und Organisation verbinden. Wenn Sie das wollen klicken Sie auf den [Weiter] Knopf.
Einige Projekte - wie World Community Grid - bieten mehrere, unterschiedliche wissenschaftliche Anwendungen. 
 Wenn Sie ändern wollen, welche wissenschaftlichen Anwendungen auf Ihren Computer übertragen und dort gestartet werden, müssenSie die Projektwebseite aufsuchen und Ihre Einstellungen dort verändern. 

Um zu ändern, welche wissenschaftlichen Anwendungen Ihnen von World Community Grid gesendet werden klicken Sie bitte den folgenden Knopf:"
clientgui/WelcomePage.cpp:372,&Stop using%s,&Stoppe Nutzung von %s
clientgui/WelcomePage.cpp:379,"We'll now remove this computer from %s.  From now on,
attach and detach projects directly from this computer.
","Dieser Computer wird nun von %s entfernt. Von nun an,
werden Projekte direkt von diesem Computer an- und abgemeldet.
"
clientgui/WelcomePage.cpp:390,Account manager,Kontoverwaltung
clientgui/WelcomePage.cpp:393,"We'll now guide you through the process of attaching
to an account manager.

If you want to attach to a single project, click Cancel,
then select the 'Attach to project' menu item instead.","Sie werden nun durch die Anmeldung bei einem
Kontomanger geführt.

Wenn Sie sich bei einem einzelnen Projekt anmelden
wollen, klicken Sie auf [Abbrechen] und wählen Sie
""Projekt anmelden ..."""
clientgui/WelcomePage.cpp:402,Debug Flags,Debug-Flags
clientgui/WelcomePage.cpp:405,Project Properties Failure,Fehler bei Projekt-Eigenschaften
clientgui/WelcomePage.cpp:408,Project Communication Failure,Fehler bei Projektkommunikation
clientgui/WelcomePage.cpp:411,Project Properties URL Failure,Fehler bei Projekt-Eigenschaften-URL
clientgui/WelcomePage.cpp:414,Account Creation Disabled,Die Kontoeröffnung ist abgeschaltet!
clientgui/WelcomePage.cpp:417,Client Account Creation Disabled,Die Client-Kontoeröffnung ist abgeschaltet.
clientgui/WelcomePage.cpp:420,Account Already Exists,Konto existiert bereits
clientgui/WelcomePage.cpp:423,Project Already Attached,Projekt ist bereits auf diesem Client eingerichtet.
clientgui/WelcomePage.cpp:426,Project Attach Failure,Projekt Verbindungsfehler!
clientgui/WelcomePage.cpp:429,Failure Communicating with Reference Site,Fehler beim Aufruf der Referenzseite
clientgui/WelcomePage.cpp:432,Net Detection Failure,Fehler bei der Netzwerkerkennung.
clientgui/WelcomePage.cpp:437,"To continue, click Next.",Um fortzufahren auf [Weiter >] klicken.
clientgui/WizardAccountManager.cpp:444 clientgui/WizardAttachProject.cpp:465,Do you really want to cancel?,Wollen Sie wirklich abbrechen?
clientgui/WizardAccountManager.cpp:445 clientgui/WizardAttachProject.cpp:466,Question,Frage
clientgui/wizardex.cpp:402 clientgui/wizardex.cpp:604,&Next >,&Weiter >
clientgui/wizardex.cpp:408,< &Back,< &Zurück
clientgui/wizardex.cpp:604,&Finish,&Beenden
clientgui/common/wxFlatNotebook.cpp:182,New page inserted. Index = %i,Neue Seite eingefügt. Index = %i
clientgui/common/wxFlatNotebook.cpp:187,New page appended. Index = %i,Neue Seite angehängt. Index = %i
clientgui/common/wxFlatNotebook.cpp:2048,Old Page Index = %i,Alter Seitenindex = %i
clientgui/common/wxFlatNotebook.cpp:2053,OnDropTarget: index by HitTest = %i,OnDropTarget: index by HitTest = %i
clientgui/common/wxPieCtrl.cpp:66,Pie Ctrl,Diagrammsteuerung
clientgui/ctest.h:70,Test,Test
clientgui/DlgAdvPreferences.h:29,specify work start and stop hours in format HH:MM-HH:MM,gebe Anfangs- und Endzeit für das Rechnen im Format HH:MM-HH:MM ein
clientgui/DlgAdvPreferences.h:30,specify network usage start and stop hours in format HH:MM-HH:MM,gebe Anfangs- und Endzeit der Netzwerknutzung im Format HH:MM-HH:MM ein
